data,tipo_comb,preco_medio,preco_std,preco_min,preco_max,num_postos,lat_medio,lon_medio,ultimo_dolar,variacao_dolar
2022-01-03,GASOLINA,7.010568181818181,0.18157901262684886,6.69,7.4,88,-19.51066552238806,-44.32724910447761,5.6818,2.0
2022-01-04,GASOLINA,6.944700854700854,0.17877732561607348,6.68,7.39,117,-19.894815168539324,-44.5008904494382,5.677,-0.08
2022-01-05,GASOLINA,6.856875,0.18105544779107074,6.49,7.39,144,-19.534614491525424,-45.781851949152546,5.7087,0.56
2022-01-06,GASOLINA,6.986301369863014,0.20536219256958238,6.64,7.59,73,-19.390810476190477,-45.02377809523809,5.6834,-0.44
2022-01-07,GASOLINA,6.986301369863014,0.20536219256958238,6.64,7.59,73,-19.390810476190477,-45.02377809523809,5.6834,-0.44
2022-01-10,GASOLINA,7.014574468085106,0.16209425701830488,6.74,7.59,94,-19.405934615384613,-43.85891292307693,5.6633,0.49
2022-01-11,GASOLINA,6.918391608391609,0.17522882564674028,6.55,7.41,143,-19.765100260869566,-45.009443999999995,5.5686,-1.67
2022-01-12,GASOLINA,6.936734693877551,0.1950453521736135,5.94,7.42,147,-20.066546000000002,-44.77276469565218,5.5338,-0.62
2022-01-13,GASOLINA,7.025679012345679,0.18658066802059728,6.59,7.59,81,-19.225104629629627,-47.017263888888884,5.5286,-0.09
2022-01-14,GASOLINA,7.025679012345679,0.18658066802059728,6.59,7.59,81,-19.225104629629627,-47.017263888888884,5.5286,-0.09
2022-01-17,GASOLINA,6.9834574468085115,0.20071866414651587,5.94,7.54,188,-19.588720657894736,-45.75300953947368,5.5165,-0.32
2022-01-18,GASOLINA,7.044807692307692,0.18069434992714561,6.73,7.59,104,-20.045520579710146,-44.102153333333334,5.5666,0.91
2022-01-19,GASOLINA,7.01546218487395,0.1614959090585377,6.79,7.49,119,-19.75125574468085,-44.04583010638298,5.4383,-2.3
2022-01-20,GASOLINA,7.032089552238806,0.19246044310953284,6.68,7.53,67,-19.383029743589745,-46.84985128205128,5.4191,-0.35
2022-01-21,GASOLINA,6.895,0.16309506430300102,6.65,7.09,8,-18.969836666666666,-49.46045833333333,5.4582,0.72
2022-01-24,GASOLINA,7.037432432432432,0.18699602244531752,6.59,7.54,148,-20.179264414414416,-44.66308900900901,5.4877,0.54
2022-01-25,GASOLINA,7.057052631578947,0.21623408161414265,6.59,7.69,95,-19.338594999999998,-44.586955,5.4437,-0.8
2022-01-26,GASOLINA,6.928290155440415,0.1704762897629166,6.49,7.49,193,-19.587043375796178,-45.53981656050955,5.4324,-0.21
2022-01-27,GASOLINA,7.0092,0.1994261154167229,6.59,7.44,50,-18.280513478260872,-47.57793391304348,5.4065,-0.48
2022-01-28,GASOLINA,6.99,0.0,6.99,6.99,1,-19.86291,-45.387848135593224,5.3674,-0.72
2022-01-31,GASOLINA,6.980486111111111,0.2145097838286107,6.54,7.52,144,-19.69201256880734,-45.61256119266055,5.3041,-1.18
2022-02-01,GASOLINA,6.953178294573644,0.17187833858632037,6.25,7.37,129,-19.821713047619046,-44.29829533333333,5.2655,-0.73
2022-02-02,GASOLINA,7.016993006993007,0.20242555566073211,6.59,7.59,143,-19.93848688679245,-44.63769339622642,5.262,-0.07
2022-02-03,GASOLINA,7.100357142857143,0.19248578965933874,6.59,7.59,56,-19.65603823529412,-45.12088352941176,5.2839,0.42
2022-02-04,GASOLINA,7.100357142857143,0.19248578965933874,6.59,7.59,56,-19.65603823529412,-45.12088352941176,5.2839,0.42
2022-02-07,GASOLINA,6.957142857142856,0.18564209386070546,6.65,7.52,133,-19.723803551401872,-44.35755355140187,5.2636,-1.21
2022-02-08,GASOLINA,7.027529411764706,0.21222688826074868,6.69,7.52,85,-20.002124912280703,-45.321212807017545,5.2593,-0.08
2022-02-09,GASOLINA,6.921413612565445,0.1899379167906592,6.55,7.48,191,-19.49049269736842,-44.910393618421054,5.2354,-0.45
2022-02-10,GASOLINA,7.0283999999999995,0.23501604315565455,6.59,7.59,75,-20.071661875,-45.58117166666667,5.2496,0.27
2022-02-11,GASOLINA,7.0283999999999995,0.23501604315565455,6.59,7.59,75,-20.071661875,-45.58117166666667,5.2496,0.27
2022-02-14,GASOLINA,6.969316239316239,0.19916951061382132,6.59,7.46,117,-20.151519764705885,-44.31968776470588,5.2149,-0.72
2022-02-15,GASOLINA,6.960886075949366,0.20131739115914052,6.62,7.52,79,-20.22350827586207,-45.155602068965514,5.159,-1.07
2022-02-16,GASOLINA,6.897788944723619,0.21625166707687463,6.45,7.49,199,-19.503576601307188,-45.15397248366013,5.1365,-0.44
2022-02-17,GASOLINA,6.9781818181818185,0.24667231488350988,6.48,7.59,88,-18.79776347826087,-46.26616130434782,5.1718,0.69
2022-02-18,GASOLINA,6.98,0.0,6.98,6.98,1,-20.0761,-44.57882,5.1385,-0.64
2022-02-21,GASOLINA,6.897724137931034,0.1707408075758325,6.48,7.24,145,-19.648125811965812,-44.98671606837607,5.1036,-0.68
2022-02-22,GASOLINA,6.915931034482759,0.19993574159285143,6.48,7.52,145,-20.025331904761906,-45.04718066666666,5.0583,-0.89
2022-02-23,GASOLINA,6.911258741258742,0.2371867604696061,6.49,7.52,143,-19.652266981132076,-45.00379311320755,5.0097,-0.96
2022-02-24,GASOLINA,6.962307692307692,0.23928127558618914,6.45,7.49,65,-18.997587333333335,-46.41586399999999,5.1231,2.26
2022-02-25,GASOLINA,6.962307692307692,0.23928127558618914,6.45,7.49,65,-18.997587333333335,-46.41586399999999,5.1231,2.26
2022-02-28,GASOLINA,7.0018918918918915,0.16066365510078606,6.65,7.59,74,-20.446746666666666,-42.96575974358974,5.1599,-0.05
2022-03-01,GASOLINA,6.834028776978417,0.13111406376361529,6.57,7.17,139,-19.533979160305343,-45.24955473282443,5.1595,-0.01
2022-03-02,GASOLINA,6.952361111111111,0.2272147750511705,6.48,7.59,144,-20.07083840425532,-44.686505319148935,5.0995,-1.16
2022-03-03,GASOLINA,6.890518518518519,0.28140457548210995,6.43,7.53,135,-19.130170631578945,-46.175013263157894,5.032,-1.32
2022-03-04,GASOLINA,6.890518518518519,0.28140457548210995,6.43,7.53,135,-19.130170631578945,-46.175013263157894,5.032,-1.32
2022-03-07,GASOLINA,6.929107142857142,0.20649000021355754,6.49,7.59,168,-19.57794795081967,-44.703364016393444,5.1115,0.98
2022-03-08,GASOLINA,6.8707633587786265,0.23791277755517154,6.45,7.39,131,-19.613565576923076,-45.70922673076923,5.0599,-1.01
2022-03-09,GASOLINA,6.917777777777777,0.22518219783593516,5.82,7.59,126,-19.927178865979382,-44.45750257731959,5.0123,-0.94
2022-03-10,GASOLINA,7.110246913580246,0.3210100283037978,6.64,7.99,81,-19.51605170212766,-46.84080978723404,5.011,-0.03
2022-03-11,GASOLINA,7.59,0.0,7.59,7.59,1,-20.15416,-44.90781,5.0745,1.27
2022-03-14,GASOLINA,7.553885350318471,0.19357185666895785,6.59,7.99,157,-20.015514333333332,-44.29612841666667,5.1193,0.88
2022-03-15,GASOLINA,7.5458823529411765,0.20798699798609813,6.99,8.19,153,-19.421203909774437,-46.1153977443609,5.1631,0.86
2022-03-16,GASOLINA,7.564174757281553,0.18143504359090254,7.1,8.16,103,-19.639931739130432,-44.836043333333336,5.0757,-1.69
2022-03-17,GASOLINA,7.617910447761194,0.1846088191320002,6.97,8.06,67,-18.936429722222222,-44.86472277777778,5.039,-0.72
2022-03-18,GASOLINA,7.617910447761194,0.1846088191320002,6.97,8.06,67,-18.936429722222222,-44.86472277777778,5.039,-0.72
2022-03-21,GASOLINA,7.489999999999999,0.13914372285430693,7.09,7.98,165,-19.71353230215827,-45.11885949640288,4.9354,-1.75
2022-03-22,GASOLINA,7.536462585034013,0.23166698679055292,6.59,8.19,147,-19.61777359375,-45.35196828125,4.9094,-0.53
2022-03-23,GASOLINA,7.638173913043478,0.19765104199376332,7.22,8.16,115,-20.00293197530864,-44.507825308641976,4.8258,-1.7
2022-03-24,GASOLINA,7.658333333333333,0.20966613223324773,7.27,8.49,60,-18.254496875,-45.95861375,4.8253,-0.01
2022-03-25,GASOLINA,7.658333333333333,0.20966613223324773,7.27,8.49,60,-18.254496875,-45.95861375,4.8253,-0.01
2022-03-28,GASOLINA,7.565675675675675,0.18022017655998476,6.59,8.07,111,-19.21590052631579,-44.49959105263158,4.7675,0.54
2022-03-29,GASOLINA,7.510728476821192,0.16630533901130332,7.14,7.99,151,-20.007669393939395,-44.6285490909091,4.7561,-0.24
2022-03-30,GASOLINA,7.531466666666667,0.19631294926524104,7.09,7.98,150,-19.71720289473684,-45.85224947368421,4.7685,0.26
2022-03-31,GASOLINA,7.611529411764706,0.22416780429355299,7.07,8.49,85,-19.284353673469386,-45.4535312244898,4.739,-0.62
2022-04-01,GASOLINA,7.948333333333333,0.11196725711861796,7.88,8.16,6,-21.69212,-45.2591,4.6575,-1.72
2022-04-04,GASOLINA,7.507219512195122,0.16407367907872228,7.14,8.07,205,-19.848451197604792,-45.06885125748503,4.5928,-1.39
2022-04-05,GASOLINA,7.5464705882352945,0.15925350025731005,7.14,8.02,102,-19.809753076923077,-44.43411703296703,4.6506,1.26
2022-04-06,GASOLINA,7.565984251968504,0.21778925244416894,7.09,8.16,127,-19.394679310344827,-45.38175494252874,4.7161,1.41
2022-04-07,GASOLINA,7.635975609756097,0.22542064797523378,7.24,8.49,82,-19.089664137931035,-46.553816206896556,4.7524,0.77
2022-04-08,GASOLINA,7.533333333333334,0.1114749598190851,7.37,7.69,6,-20.50875,-43.84799,4.697,-1.17
2022-04-11,GASOLINA,7.540476190476191,0.13765319402935788,7.14,7.79,147,-19.668300172413794,-44.78235301724138,4.6944,-0.06
2022-04-12,GASOLINA,7.5855303030303025,0.19919040104535582,7.14,8.07,132,-20.161561170212767,-44.93740659574468,4.6735,-0.45
2022-04-13,GASOLINA,7.598303571428572,0.16232482390441244,7.19,8.14,112,-19.537844814814814,-44.86171864197531,4.6899,0.35
2022-04-14,GASOLINA,7.6108730158730165,0.1991060816399935,7.25,8.49,126,-19.10774382022472,-45.924085505617974,4.7013,0.24
2022-04-15,GASOLINA,7.89,0.0,7.89,7.89,1,-19.86291,-45.387848135593224,4.6965,-0.1
2022-04-18,GASOLINA,7.60748344370861,0.1433607037884807,7.19,8.14,151,-19.186868230088496,-45.389853982300885,4.6527,-0.93
2022-04-19,GASOLINA,7.6458282208588955,0.17796454061746525,7.25,8.14,163,-19.840022913385827,-44.58050771653543,4.6675,0.32
2022-04-20,GASOLINA,7.643542857142858,0.17260351597641926,7.28,8.19,175,-19.62691550387597,-45.24197062015504,4.6219,-0.98
2022-04-21,GASOLINA,7.5975,0.03774917217635432,7.56,7.65,4,-22.230625,-45.935985,4.622,0.0
2022-04-22,GASOLINA,7.61,0.1385640646055103,7.45,7.69,3,-19.86291,-45.387848135593224,4.7937,3.71
2022-04-25,GASOLINA,7.674965986394558,0.16986849929968947,7.31,8.23,147,-19.58292336734694,-44.86936632653061,4.8766,1.73
2022-04-26,GASOLINA,7.703916666666667,0.1729151724480681,7.19,8.14,120,-20.155085268817203,-44.80097806451613,4.9989,2.51
2022-04-27,GASOLINA,7.62780303030303,0.15343553931072015,7.29,7.99,132,-19.625284722222222,-44.89827231481481,4.9651,-0.68
2022-04-28,GASOLINA,7.649767441860465,0.20027896605531503,7.25,8.36,129,-19.15562818181818,-45.92256193181818,4.9425,-0.46
2022-04-29,GASOLINA,7.649767441860465,0.20027896605531503,7.25,8.36,129,-19.15562818181818,-45.92256193181818,4.9425,-0.46
2022-05-02,GASOLINA,7.652945736434108,0.1301525733320752,7.37,7.89,129,-19.845141263157895,-44.166947263157894,5.0848,2.27
2022-05-03,GASOLINA,7.564084507042253,0.21432114476084507,6.24,7.94,142,-19.544068362068966,-46.19471879310345,4.9584,-2.49
2022-05-04,GASOLINA,7.659763779527559,0.17592144967411746,7.39,8.19,127,-19.613108837209303,-44.456032906976745,4.9198,-0.78
2022-05-05,GASOLINA,7.658275862068965,0.22592909954450194,7.35,8.44,116,-19.574997325581396,-44.85406290697674,5.028,2.2
2022-05-06,GASOLINA,7.658275862068965,0.22592909954450194,7.35,8.44,116,-19.574997325581396,-44.85406290697674,5.028,2.2
2022-05-09,GASOLINA,7.604152542372881,0.14943383906745622,7.34,7.94,118,-20.16729073170732,-45.135929634146336,5.1617,1.66
2022-05-10,GASOLINA,7.606894409937889,0.19491099258650338,7.19,8.23,161,-19.413572892561984,-44.9761952892562,5.1313,-0.59
2022-05-11,GASOLINA,7.572011494252873,0.1933070272999267,7.19,8.11,174,-19.551857,-45.03552406666667,5.1373,0.12
2022-05-12,GASOLINA,7.69484375,0.2313452184918624,7.39,8.39,64,-18.979024545454546,-45.119398181818184,5.1339,-0.07
2022-05-13,GASOLINA,7.59,0.0,7.59,7.59,1,-19.98178,-43.85852,5.0602,-1.44
2022-05-16,GASOLINA,7.59989898989899,0.13809561128476233,7.27,7.85,99,-19.647805492957744,-44.43699676056338,5.0599,-0.01
2022-05-17,GASOLINA,7.570869565217392,0.18618334815561458,7.12,7.99,161,-20.164545476190476,-44.76215349206349,4.9387,-2.4
2022-05-18,GASOLINA,7.560914285714286,0.22398498659515706,7.15,8.23,175,-19.217675298507462,-45.50382708955224,4.9682,0.6
2022-05-19,GASOLINA,7.625742574257426,0.22939636673083316,7.09,8.26,101,-19.50529758064516,-45.761089193548386,4.9309,-0.75
2022-05-20,GASOLINA,7.625742574257426,0.22939636673083316,7.09,8.26,101,-19.50529758064516,-45.761089193548386,4.9309,-0.75
2022-05-23,GASOLINA,7.552511415525114,0.1784556419771916,7.17,7.99,219,-19.68480269230769,-45.876644679487185,4.813,-1.35
2022-05-24,GASOLINA,7.530529411764706,0.20744789540350672,7.09,8.23,170,-19.734456666666667,-45.09936393939394,4.8191,0.13
2022-05-25,GASOLINA,7.58876404494382,0.1810500949305513,7.35,8.14,89,-19.34998,-43.475479206349206,4.8275,0.17
2022-05-26,GASOLINA,7.584142857142857,0.21933689828261949,7.09,8.23,70,-19.44643046511628,-44.46592906976744,4.7677,-1.24
2022-05-27,GASOLINA,8.03,0.1823184028012531,7.89,8.26,6,-21.69212,-45.2591,4.7295,-0.8
2022-05-30,GASOLINA,7.510639534883721,0.16754906152675358,7.11,7.89,172,-19.93851637037037,-46.48027303703704,4.7526,0.49
2022-05-31,GASOLINA,7.573150684931507,0.18484197696357701,7.17,8.08,146,-19.61625417475728,-43.8074645631068,4.7315,-0.44
2022-06-01,GASOLINA,7.546923076923077,0.20452681322106153,7.09,8.23,104,-19.51273304878049,-43.840325243902434,4.8151,1.77
2022-06-02,GASOLINA,7.575,0.24429758167287516,7.25,8.26,108,-19.005933606557377,-45.723753770491804,4.7962,-0.39
2022-06-03,GASOLINA,7.575,0.24429758167287516,7.25,8.26,108,-19.005933606557377,-45.723753770491804,4.7962,-0.39
2022-06-06,GASOLINA,7.591714285714286,0.15940066319991092,7.29,7.89,105,-19.7416737037037,-44.0351587037037,4.7945,0.44
2022-06-07,GASOLINA,7.5065,0.18506212456834253,7.09,8.23,200,-19.855451226993864,-45.027825950920246,4.8696,1.57
2022-06-08,GASOLINA,7.457952755905511,0.2114212622496459,7.07,8.09,127,-19.38164275862069,-44.90243126436781,4.8988,0.6
2022-06-09,GASOLINA,7.5068503937007875,0.21268764185037997,7.15,8.23,127,-19.638965784313726,-45.74747774509804,4.9063,0.15
2022-06-10,GASOLINA,7.5068503937007875,0.21268764185037997,7.15,8.23,127,-19.638965784313726,-45.74747774509804,4.9063,0.15
2022-06-13,GASOLINA,7.501297297297297,0.18544729487765071,7.05,8.07,185,-19.946326971830988,-45.091049929577466,5.1154,2.58
2022-06-14,GASOLINA,7.58764705882353,0.22509921451973663,6.99,8.16,102,-19.771237260273974,-45.030810273972605,5.1168,0.03
2022-06-15,GASOLINA,7.444,0.22006184697681094,6.89,8.13,195,-19.4623821969697,-44.9458496969697,5.0536,-1.24
2022-06-16,GASOLINA,7.577446808510638,0.2677967113892501,7.08,8.23,47,-18.70253606060606,-45.32548,5.0535,0.0
2022-06-17,GASOLINA,7.4325,0.17056279391082546,7.29,7.68,4,-20.317315,-44.6020975,5.1518,1.95
2022-06-20,GASOLINA,7.69506329113924,0.1615046560644639,7.19,8.13,158,-20.014995045045048,-44.00744774774775,5.188,0.7
2022-06-21,GASOLINA,7.642462686567163,0.20116366944731864,7.14,8.15,134,-19.617346274509803,-45.59288941176471,5.1257,-1.2
2022-06-22,GASOLINA,7.6708461538461545,0.19565843761488674,7.0,8.36,130,-19.570454639175257,-44.47208463917525,5.194,1.33
2022-06-23,GASOLINA,7.640000000000001,0.24601955173260262,7.15,8.49,122,-19.331506712328768,-46.693488767123284,5.2406,0.9
2022-06-24,GASOLINA,7.4975,0.20967662176381466,7.29,7.83,8,-20.13672125,-44.89037375,5.2417,0.02
2022-06-27,GASOLINA,7.5731,0.22536935624363058,7.07,7.99,200,-19.64812527027027,-44.942904527027025,5.2366,-0.1
2022-06-28,GASOLINA,7.47198347107438,0.25538408928093237,6.89,8.1,121,-20.034887272727275,-45.04069131313131,5.2675,0.59
2022-06-29,GASOLINA,7.357364341085272,0.2425532138129851,6.87,7.99,129,-20.12719864864865,-44.67166756756757,5.1818,-1.63
2022-06-30,GASOLINA,7.370380952380952,0.2466308507806283,6.97,8.23,105,-18.960375625,-45.699759875,5.2562,1.44
2022-07-01,GASOLINA,7.370380952380952,0.2466308507806283,6.97,8.23,105,-18.960375625,-45.699759875,5.2562,1.44
2022-07-04,GASOLINA,7.00166,0.2601228631235592,5.69,7.63,200,-20.182015933333332,-44.33698626666667,5.3293,-0.03
2022-07-05,GASOLINA,6.7398,0.4090714931237401,5.89,7.49,75,-19.672325555555556,-45.681459777777775,5.3861,1.07
2022-07-06,GASOLINA,6.4154251497005985,0.3683892717062492,5.79,7.95,167,-19.346363412698413,-45.939390714285715,5.4287,0.79
2022-07-07,GASOLINA,6.302504504504504,0.3168008515218661,5.77,6.99,111,-19.147595833333334,-44.59715986111111,5.3391,-1.65
2022-07-08,GASOLINA,6.302504504504504,0.3168008515218661,5.77,6.99,111,-19.147595833333334,-44.59715986111111,5.3391,-1.65
2022-07-11,GASOLINA,5.9945312500000005,0.236652791069411,5.57,6.99,192,-19.746300201342283,-44.94961302013423,5.3782,2.37
2022-07-12,GASOLINA,5.950752293577982,0.22417264163715342,5.49,6.79,109,-19.703584430379745,-45.86445582278481,5.4368,1.09
2022-07-13,GASOLINA,5.8845217391304345,0.1600962635009218,5.59,6.99,161,-19.700133571428573,-44.423326875,5.3917,-0.83
2022-07-14,GASOLINA,5.980775280898876,0.2745824827562165,5.19,6.49,89,-19.20507,-45.46449317460318,5.4233,0.59
2022-07-15,GASOLINA,5.980775280898876,0.2745824827562165,5.19,6.49,89,-19.20507,-45.46449317460318,5.4233,0.59
2022-07-18,GASOLINA,5.817948717948719,0.16512032426509823,5.47,6.15,117,-20.008565263157895,-45.18718421052632,5.4375,0.54
2022-07-19,GASOLINA,5.797093896713615,0.19635030932496186,5.18,6.29,213,-19.680113879781423,-45.22690240437158,5.4135,-0.44
2022-07-20,GASOLINA,5.792763005780347,0.1642913125142565,5.399,6.14,173,-19.406367519379845,-44.33145441860465,5.4714,1.07
2022-07-21,GASOLINA,5.91,0.30199337741082993,5.09,6.39,52,-19.207735000000003,-45.96006642857143,5.4968,0.46
2022-07-22,GASOLINA,5.91,0.30199337741082993,5.09,6.39,52,-19.207735000000003,-45.96006642857143,5.4968,0.46
2022-07-25,GASOLINA,5.696609890109889,0.2163217792244661,4.99,6.99,182,-19.942547155172413,-43.74783405172413,5.3576,-2.53
2022-07-26,GASOLINA,5.633731343283582,0.207895547955785,5.29,6.19,134,-19.794689906542057,-45.57838607476636,5.3511,-0.12
2022-07-27,GASOLINA,5.570251461988304,0.1586388459795782,5.15,5.999,171,-19.4998337593985,-45.69321172932331,5.2432,-2.02
2022-07-28,GASOLINA,5.802352941176471,0.2560557171588403,5.28,6.29,68,-18.754553157894737,-45.13335210526316,5.1823,-1.16
2022-07-29,GASOLINA,5.38,0.0,5.38,5.38,1,-20.15554,-44.90273,5.1734,-0.17
2022-08-01,GASOLINA,5.555618497109826,0.21396678209926456,5.09,5.99,173,-20.23051904,-44.1235508,5.1838,0.2
2022-08-02,GASOLINA,5.539529411764706,0.21132944013062702,4.95,5.99,170,-19.69705073529412,-45.70508816176471,5.2784,1.82
2022-08-03,GASOLINA,5.530350364963504,0.23527501402429138,4.98,6.39,137,-19.64658217948718,-45.22822205128205,5.2815,0.06
2022-08-04,GASOLINA,5.5775,0.26147338934073855,5.15,6.09,76,-18.38304733333333,-45.15945033333333,5.2164,-1.23
2022-08-05,GASOLINA,5.43,0.0,5.43,5.43,1,-19.81214,-43.16229,5.1646,-0.99
2022-08-08,GASOLINA,5.545701986754967,0.18546840861997602,5.25,5.99,151,-19.876789702970296,-44.23869306930693,5.1117,-1.02
2022-08-09,GASOLINA,5.518532258064516,0.2225399730416176,4.99,5.99,124,-19.927685353535352,-45.014537070707064,5.1237,0.23
2022-08-10,GASOLINA,5.3601978609625665,0.19406608007650408,4.97,6.05,187,-19.366822517006803,-45.47006408163266,5.0927,-0.61
2022-08-11,GASOLINA,5.632077922077922,0.24513335609277986,4.98,6.39,77,-18.42436516129032,-46.62124612903226,5.1581,1.28
2022-08-12,GASOLINA,5.273333333333333,0.16848343143070948,5.15,5.59,6,-20.141396666666665,-44.896478333333334,5.0735,-1.64
2022-08-15,GASOLINA,5.490559440559441,0.2444302839164158,4.89,5.99,143,-20.38001829787234,-45.10798872340426,5.0961,0.45
2022-08-16,GASOLINA,5.4100275229357795,0.20426124606219728,5.05,5.99,109,-19.75097368421053,-45.61061881578947,5.1459,0.98
2022-08-17,GASOLINA,5.338545977011495,0.16182548103806704,4.98,5.999,174,-19.490001773049645,-43.855111985815604,5.1642,0.36
2022-08-18,GASOLINA,5.356121951219512,0.28394121953942963,4.89,5.99,123,-19.506246756756756,-47.079545810810814,5.1674,0.06
2022-08-19,GASOLINA,5.49,0.0,5.49,5.49,1,-20.70358,-46.61976,5.1697,0.04
2022-08-22,GASOLINA,5.364578313253012,0.21850900379379282,4.89,5.89,166,-20.044457037037038,-43.779527407407414,5.1574,-0.24
2022-08-23,GASOLINA,5.185925925925926,0.18827611399237293,4.85,5.66,162,-19.640694661654138,-45.46529864661654,5.1037,-1.04
2022-08-24,GASOLINA,5.165212121212122,0.23915906503573237,4.69,6.24,165,-19.57269095652174,-45.76802860869565,5.1114,0.15
2022-08-25,GASOLINA,5.38156862745098,0.29594845868170816,4.81,5.79,51,-18.206600357142857,-46.60232535714285,5.1099,-0.03
2022-08-26,GASOLINA,5.38156862745098,0.29594845868170816,4.81,5.79,51,-18.206600357142857,-46.60232535714285,5.1099,-0.03
2022-08-29,GASOLINA,5.258527607361963,0.1991625464592709,4.59,5.79,163,-19.84010299145299,-44.08433940170941,5.0282,-0.63
2022-08-30,GASOLINA,5.095833333333333,0.1954678930183108,4.69,5.69,132,-19.760958942307692,-45.36082192307693,5.1223,1.87
2022-08-31,GASOLINA,5.107913669064748,0.22607705118537014,4.79,6.14,139,-19.662339578947368,-44.418382421052634,5.1831,1.19
2022-09-01,GASOLINA,5.2168,0.3241977691909478,4.49,5.89,125,-19.264865888888888,-46.866456,5.2416,1.13
2022-09-02,GASOLINA,5.2168,0.3241977691909478,4.49,5.89,125,-19.264865888888888,-46.866456,5.2416,1.13
2022-09-05,GASOLINA,5.0366949152542375,0.23957428585330381,4.59,5.89,236,-19.96072539325843,-45.70011988764045,5.1516,-0.32
2022-09-06,GASOLINA,5.044036697247706,0.1715567030009214,4.69,5.49,109,-19.401675416666667,-44.715099583333334,5.2528,1.96
2022-09-07,GASOLINA,5.129074074074075,0.23069434583872375,4.77,5.49,54,-19.4508555,-43.75304125,5.248,-0.09
2022-09-08,GASOLINA,5.041428571428571,0.2855986448784668,4.69,6.14,119,-19.829037857142858,-44.757214047619044,5.2141,-0.65
2022-09-09,GASOLINA,5.246363636363636,0.11851352051751121,4.99,5.45,11,-19.584808,-46.950152,5.1462,-1.3
2022-09-12,GASOLINA,4.957867647058824,0.2242524542337668,4.54,5.59,272,-19.612062474747475,-45.073470656565654,5.093,-1.03
2022-09-13,GASOLINA,4.998652849740933,0.18716427917925696,4.59,5.79,193,-19.86291,-45.387848135593224,5.1911,1.93
2022-09-14,GASOLINA,4.998652849740933,0.18716427917925696,4.59,5.79,193,-19.86291,-45.387848135593224,5.1911,1.93
2022-09-15,GASOLINA,4.998652849740933,0.18716427917925696,4.59,5.79,193,-19.86291,-45.387848135593224,5.1911,1.93
2022-09-16,GASOLINA,4.998652849740933,0.18716427917925696,4.59,5.79,193,-19.86291,-45.387848135593224,5.1911,1.93
2022-09-19,GASOLINA,4.998652849740933,0.18716427917925696,4.59,5.79,193,-19.86291,-45.387848135593224,5.1911,1.93
2022-09-20,GASOLINA,4.998652849740933,0.18716427917925696,4.59,5.79,193,-19.86291,-45.387848135593224,5.1911,1.93
2022-09-21,GASOLINA,4.998652849740933,0.18716427917925696,4.59,5.79,193,-19.86291,-45.387848135593224,5.1911,1.93
2022-09-22,GASOLINA,4.998652849740933,0.18716427917925696,4.59,5.79,193,-19.86291,-45.387848135593224,5.1911,1.93
2022-09-23,GASOLINA,4.998652849740933,0.18716427917925696,4.59,5.79,193,-19.86291,-45.387848135593224,5.1911,1.93
2022-09-26,GASOLINA,4.73,0.08510055971119049,4.65,4.99,20,-19.872406,-43.97047,5.3898,2.48
2022-09-27,GASOLINA,4.705238095238095,0.07440558094787306,4.65,4.99,21,-19.887951428571427,-43.953249523809525,5.3824,-0.14
2022-09-28,GASOLINA,4.705238095238095,0.07440558094787306,4.65,4.99,21,-19.887951428571427,-43.953249523809525,5.3824,-0.14
2022-09-29,GASOLINA,4.705238095238095,0.07440558094787306,4.65,4.99,21,-19.887951428571427,-43.953249523809525,5.3824,-0.14
2022-09-30,GASOLINA,4.705238095238095,0.07440558094787306,4.65,4.99,21,-19.887951428571427,-43.953249523809525,5.3824,-0.14
2022-10-03,GASOLINA,4.7115,0.08474574977698389,4.65,4.99,20,-19.8712735,-43.971839,5.1672,-4.58
2022-10-04,GASOLINA,4.687,0.07914676573503047,4.63,4.99,20,-19.8879875,-43.9533665,5.177,0.19
2022-10-05,GASOLINA,4.687,0.07914676573503047,4.63,4.99,20,-19.8879875,-43.9533665,5.177,0.19
2022-10-06,GASOLINA,4.687,0.07914676573503047,4.63,4.99,20,-19.8879875,-43.9533665,5.177,0.19
2022-10-07,GASOLINA,4.687,0.07914676573503047,4.63,4.99,20,-19.8879875,-43.9533665,5.177,0.19
2022-10-10,GASOLINA,4.85421875,0.196289425824409,4.55,5.59,64,-19.15729078125,-43.98312546875,5.1901,-0.18
2022-10-11,GASOLINA,4.810888888888889,0.11030581914556346,4.63,5.09,45,-19.943862,-44.81596711111111,5.3005,2.13
2022-10-12,GASOLINA,4.908888888888889,0.05883120864907596,4.79,4.99,9,-19.68267857142857,-45.142091428571426,5.293,-0.14
2022-10-13,GASOLINA,4.812432432432432,0.10773953688320642,4.59,5.07,37,-19.938105405405405,-44.17704432432432,5.2626,-0.57
2022-10-14,GASOLINA,4.812432432432432,0.10773953688320642,4.59,5.07,37,-19.938105405405405,-44.17704432432432,5.2626,-0.57
2022-10-17,GASOLINA,4.7642105263157895,0.07175904044928413,4.64,4.99,38,-19.79219157894737,-44.44758710526315,5.2808,-0.83
2022-10-18,GASOLINA,4.839295774647887,0.12457153932766031,4.62,5.19,71,-19.608804347826087,-44.4989484057971,5.2405,-0.76
2022-10-19,GASOLINA,4.844857142857142,0.1516453181638275,4.25,5.19,35,-19.38890294117647,-43.98153147058823,5.27,0.56
2022-10-20,GASOLINA,4.8412500000000005,0.16744130586295264,4.67,5.59,56,-19.36506960784314,-45.6196731372549,5.2147,-1.05
2022-10-21,GASOLINA,4.8412500000000005,0.16744130586295264,4.67,5.59,56,-19.36506960784314,-45.6196731372549,5.2147,-1.05
2022-10-24,GASOLINA,4.859894736842105,0.15180821283001383,4.64,5.49,95,-19.600678045977013,-44.23038885057471,5.3032,2.77
2022-10-25,GASOLINA,4.889111111111111,0.17997280970943,4.59,5.39,90,-19.435715975609757,-45.21695975609756,5.3167,0.25
2022-10-26,GASOLINA,4.84025,0.2484566463755902,3.49,5.19,40,-19.971633529411765,-46.007831470588236,5.3804,1.2
2022-10-27,GASOLINA,4.918548387096774,0.23579545716638964,4.59,5.59,62,-19.84106132075472,-44.52184830188679,5.3449,-0.66
2022-10-28,GASOLINA,4.8116,0.07851114570556231,4.69,4.98,25,-19.6999056,-45.3613372,5.2949,-0.94
2022-10-31,GASOLINA,4.881428571428572,0.20074089572504858,4.55,5.59,98,-19.242475172413794,-45.04905896551724,5.1791,-2.19
2022-11-01,GASOLINA,4.87734693877551,0.19596742405950296,4.66,5.66,49,-19.468636888888888,-44.31049533333333,5.1475,-0.61
2022-11-02,GASOLINA,4.916363636363636,0.13810091046717068,4.64,5.29,22,-19.692615,-45.55539318181818,5.1432,-0.08
2022-11-03,GASOLINA,4.992307692307692,0.18784775443468557,4.6,5.67,65,-19.93064611111111,-45.348720185185186,5.1137,-0.57
2022-11-04,GASOLINA,4.992307692307692,0.18784775443468557,4.6,5.67,65,-19.93064611111111,-45.348720185185186,5.1137,-0.57
2022-11-07,GASOLINA,4.937886178861789,0.14866207710127727,4.73,5.79,123,-19.61196628318584,-45.16437769911504,5.1567,2.0
2022-11-08,GASOLINA,4.938877551020408,0.15323913427826832,4.74,5.39,98,-19.769395862068965,-44.486897931034484,5.144,-0.25
2022-11-09,GASOLINA,4.9501923076923084,0.21236751703735077,4.6,5.59,52,-18.95309840909091,-45.04253159090909,5.1864,0.82
2022-11-10,GASOLINA,5.178518518518518,0.30821700277194425,4.79,5.67,27,-20.006307222222222,-43.58767277777778,5.3449,3.06
2022-11-11,GASOLINA,5.03,0.07118052168020861,4.95,5.09,4,-19.65068,-46.38146,5.325,-0.37
2022-11-14,GASOLINA,4.925512820512821,0.13905663086220152,4.74,5.59,78,-19.73436652173913,-45.07939666666666,5.3321,0.13
2022-11-15,GASOLINA,4.940705882352941,0.1108279257752878,4.75,5.29,85,-19.55533188235294,-44.18768529411765,5.3325,0.01
2022-11-16,GASOLINA,5.133125000000001,0.26046730713298016,4.79,5.67,48,-19.798864324324324,-45.95446513513514,5.3998,1.26
2022-11-17,GASOLINA,5.048484848484848,0.19387737936241625,4.77,5.55,66,-20.3578722,-44.17522879999999,5.4231,0.43
2022-11-18,GASOLINA,4.9653846153846155,0.213822924203603,4.75,5.59,39,-18.445172368421055,-46.400855263157894,5.3827,-0.74
2022-11-21,GASOLINA,4.984090909090909,0.15277561526308675,4.75,5.39,132,-19.645380160000002,-44.532648159999994,5.32,-1.16
2022-11-22,GASOLINA,4.9505479452054795,0.20034616161755106,4.72,5.79,73,-19.70495474576271,-44.84867288135593,5.3586,0.73
2022-11-23,GASOLINA,5.065172413793103,0.2554634540490673,4.74,5.67,29,-20.35885652173913,-43.696053043478265,5.3591,0.01
2022-11-24,GASOLINA,5.04,0.2370494733809562,4.74,5.67,54,-18.151840999999997,-45.574555499999995,5.3208,-0.71
2022-11-25,GASOLINA,4.933333333333334,0.0803118920210453,4.77,4.99,9,-21.922504285714286,-45.48805,5.4098,1.67
2022-11-28,GASOLINA,4.955619047619048,0.1878262485216051,4.67,5.66,105,-19.62244804347826,-44.92735119565218,5.3654,-0.82
2022-11-29,GASOLINA,4.9372131147540985,0.13692166002355705,4.72,5.4,122,-19.710243304347827,-44.607471999999994,5.2695,-1.79
2022-11-30,GASOLINA,5.004444444444445,0.1947022356663548,4.74,5.59,63,-19.588268070175438,-43.62370228070176,5.1851,-1.6
2022-12-01,GASOLINA,5.068484848484848,0.2688298859423142,4.79,5.62,33,-20.377311249999998,-45.33509625,5.1848,-0.01
2022-12-02,GASOLINA,5.068484848484848,0.2688298859423142,4.79,5.62,33,-20.377311249999998,-45.33509625,5.1848,-0.01
2022-12-05,GASOLINA,4.889125,0.17012425652512886,4.55,5.59,80,-19.871120933333334,-44.42935,5.2809,1.19
2022-12-06,GASOLINA,4.902947368421052,0.11931429694620457,4.69,5.21,95,-19.560715795454545,-44.22193897727272,5.2352,-0.87
2022-12-07,GASOLINA,5.035517241379311,0.22387155448248433,4.78,5.79,29,-19.0642736,-46.20732519999999,5.2048,-0.58
2022-12-08,GASOLINA,4.956043956043956,0.23835025171130533,4.49,5.59,91,-19.39656077922078,-45.32217948051948,5.2253,0.39
2022-12-09,GASOLINA,4.9350000000000005,0.1267762683715776,4.77,5.09,10,-20.12799,-44.74934888888889,5.24,0.28
2022-12-12,GASOLINA,4.859357798165137,0.1515064796888229,4.4,5.59,109,-19.442612,-44.84507673684211,5.3226,1.58
2022-12-13,GASOLINA,4.893068181818181,0.12614858921990957,4.72,5.58,88,-19.399542352941175,-44.514884117647064,5.2938,-0.54
2022-12-14,GASOLINA,5.001132075471698,0.2297629244490477,4.74,5.59,53,-19.15685574468085,-44.54210042553191,5.2787,-0.29
2022-12-15,GASOLINA,4.854328358208956,0.15957542038073377,4.49,5.3,67,-20.308279642857144,-45.56118285714285,5.313,0.65
2022-12-16,GASOLINA,4.854328358208956,0.15957542038073377,4.49,5.3,67,-20.308279642857144,-45.56118285714285,5.313,0.65
2022-12-19,GASOLINA,4.853076923076923,0.128622551225517,4.67,5.59,91,-19.575844659090908,-44.39531102272727,5.293,-0.4
2022-12-20,GASOLINA,4.827684210526316,0.18082230981481145,4.45,5.24,95,-19.671227790697674,-44.59124813953488,5.1996,-1.76
2022-12-21,GASOLINA,4.9925,0.2147598539573795,4.66,5.58,40,-19.34952115384615,-44.78889769230769,5.2009,0.02
2022-12-22,GASOLINA,4.867931034482758,0.20350230500603844,4.62,5.59,58,-19.314444901960783,-45.444593921568625,5.1665,-0.66
2022-12-23,GASOLINA,4.81375,0.08911268949241413,4.69,4.99,8,-19.51376875,-42.63011625,5.1652,-0.03
2022-12-26,GASOLINA,4.878461538461538,0.1779373143180945,4.59,5.83,104,-19.8440095,-44.460914700000004,5.2186,1.03
2022-12-27,GASOLINA,4.864678899082569,0.1470548449422834,4.55,5.59,109,-19.570375157894738,-44.60124284210526,5.2928,1.42
2022-12-28,GASOLINA,4.906730769230769,0.20509893503462634,4.69,5.59,52,-18.643212083333335,-45.239112291666665,5.2676,-0.48
2022-12-29,GASOLINA,5.040434782608696,0.20322900626019733,4.75,5.98,46,-20.570964324324326,-44.96961837837838,5.286,0.35
2022-12-30,GASOLINA,5.040434782608696,0.20322900626019733,4.75,5.98,46,-20.570964324324326,-44.96961837837838,5.286,0.35
2023-01-02,GASOLINA,5.203678160919541,0.3052871882477325,4.79,5.95,87,-19.571285185185186,-44.08681839506173,5.3633,1.46
2023-01-03,GASOLINA,4.994824561403508,0.133119365267034,4.75,5.59,114,-19.65784057692308,-45.02047567307692,5.4797,2.17
2023-01-04,GASOLINA,4.9868,0.13856562500285705,4.79,5.58,75,-20.221570925925928,-44.61054851851851,5.4312,-0.89
2023-01-05,GASOLINA,5.039354838709677,0.18008987708547672,4.79,5.59,62,-18.974097142857143,-45.66203244897959,5.3509,-1.48
2023-01-06,GASOLINA,5.039354838709677,0.18008987708547672,4.79,5.59,62,-18.974097142857143,-45.66203244897959,5.3509,-1.48
2023-01-09,GASOLINA,4.9472072072072075,0.13556059477840496,4.77,5.39,111,-19.66751431372549,-44.69023088235294,5.2546,0.56
2023-01-10,GASOLINA,4.984,0.18424621208227512,4.59,5.59,130,-19.902166363636365,-44.96443818181818,5.1997,-1.04
2023-01-11,GASOLINA,4.9422807017543855,0.18196366929240548,4.68,5.69,57,-18.868182549019608,-45.39168980392157,5.16,-0.76
2023-01-12,GASOLINA,4.923207547169811,0.1194502404432276,4.59,5.2,53,-20.962195714285713,-45.33628392857143,5.1082,-1.0
2023-01-13,GASOLINA,4.9766666666666675,0.18987464536472717,4.59,5.19,15,-21.517724166666667,-44.168524166666664,5.0956,-0.25
2023-01-16,GASOLINA,4.931465517241379,0.16087940020181415,4.65,5.39,116,-19.767849357798166,-45.13016055045872,5.1474,1.02
2023-01-17,GASOLINA,4.915886524822695,0.1642692516309986,4.56,5.4,141,-19.796298108108108,-44.779425135135135,5.1003,-0.92
2023-01-18,GASOLINA,4.9355223880597014,0.17690335987087635,4.59,5.34,67,-20.256721090909092,-44.50437872727273,5.1863,1.69
2023-01-19,GASOLINA,4.9365,0.20967953756763288,4.59,5.69,60,-18.98718657142857,-44.500530857142856,5.1741,-0.24
2023-01-20,GASOLINA,4.973571428571428,0.07375710060807655,4.89,5.19,14,-21.5664725,-45.11097,5.2074,0.64
2023-01-23,GASOLINA,4.9211504424778765,0.14853902933710592,4.64,5.19,113,-19.90108894736842,-43.83113663157895,5.2076,0.0
2023-01-24,GASOLINA,4.850551724137931,0.18735653515254774,4.52,5.69,145,-19.868918644067797,-45.050724067796615,5.1392,-1.31
2023-01-25,GASOLINA,5.032432432432432,0.21770792807664813,4.57,5.59,74,-19.8410465,-44.95875483333334,5.0734,-1.28
2023-01-26,GASOLINA,5.0443750000000005,0.18780160927011363,4.65,5.59,64,-19.494274444444443,-44.916488,5.0658,-0.15
2023-01-27,GASOLINA,5.0443750000000005,0.18780160927011363,4.65,5.59,64,-19.494274444444443,-44.916488,5.0658,-0.15
2023-01-30,GASOLINA,5.0281770833333335,0.17018102433220195,4.67,5.69,192,-19.817917066666666,-45.0290098,5.1162,0.14
2023-01-31,GASOLINA,5.029655172413793,0.18205918034117863,4.67,5.44,174,-20.22939142857143,-45.29258518796993,5.0731,-0.84
2023-02-01,GASOLINA,5.1590476190476195,0.30865411633538625,4.69,5.79,42,-18.396743783783783,-43.643807837837834,5.0547,-0.36
2023-02-02,GASOLINA,5.146315789473684,0.19611663728411766,4.89,5.59,38,-19.94874607142857,-43.503790357142854,5.0504,-0.09
2023-02-03,GASOLINA,5.146315789473684,0.19611663728411766,4.89,5.59,38,-19.94874607142857,-43.503790357142854,5.0504,-0.09
2023-02-06,GASOLINA,5.051232876712329,0.1827675758271594,4.72,5.46,146,-19.88634598360656,-44.20204959016394,5.1464,-0.11
2023-02-07,GASOLINA,4.9741441441441445,0.15372033915504715,4.68,5.59,111,-20.108025050505052,-44.055499999999995,5.2101,1.24
2023-02-08,GASOLINA,5.048051948051948,0.14282892749387235,4.75,5.49,77,-19.499615957446807,-45.76106276595745,5.2007,-0.18
2023-02-09,GASOLINA,5.046122448979592,0.2277801103391286,4.65,5.59,98,-20.0973353125,-45.4155975,5.2911,1.74
2023-02-10,GASOLINA,5.02,0.22113344387496023,4.77,5.19,3,-18.93629,-48.28164666666667,5.2151,-1.44
2023-02-13,GASOLINA,4.996829268292683,0.1546297379473204,4.72,5.59,123,-19.75985504424779,-44.51587061946903,5.1596,-1.06
2023-02-14,GASOLINA,4.992818791946308,0.1771321103282563,4.65,5.59,149,-19.784447704918033,-44.51632786885246,5.1923,0.63
2023-02-15,GASOLINA,4.990882352941177,0.19059107093240588,4.67,5.49,102,-19.759895,-44.951674375,5.219,0.51
2023-02-16,GASOLINA,5.054197530864197,0.2435870696359459,4.62,5.59,81,-19.767360217391307,-44.403743695652174,5.2178,-0.02
2023-02-17,GASOLINA,5.09,0.0,5.09,5.09,1,-19.57272,-42.64055,5.1674,-0.97
2023-02-20,GASOLINA,4.987983193277311,0.1525688498758131,4.69,5.59,119,-19.40280291262136,-44.82780796116505,5.1674,0.0
2023-02-21,GASOLINA,4.899189189189189,0.10123560958797373,4.65,5.19,74,-19.516808309859154,-44.46542070422535,5.1675,0.0
2023-02-22,GASOLINA,5.059816513761468,0.16619924260744737,4.75,5.59,109,-20.456134594594594,-44.72163445945946,5.1522,-0.3
2023-02-23,GASOLINA,5.099669421487603,0.202870787630524,4.68,5.59,121,-19.844221777777776,-44.522572000000004,5.1373,-0.29
2023-02-24,GASOLINA,5.036792452830189,0.25114180475538317,4.65,5.66,53,-19.84496275862069,-46.2916124137931,5.21,1.42
2023-02-27,GASOLINA,5.031686046511628,0.15258419297067577,4.77,5.59,172,-19.733737342657346,-44.294591818181814,5.2008,-0.18
2023-02-28,GASOLINA,5.060354609929078,0.19503263956695543,4.58,5.69,141,-19.492694571428572,-45.076671714285716,5.2367,0.69
2023-03-01,GASOLINA,5.298679245283019,0.27289077651527877,4.89,5.95,53,-20.00222,-44.54876696969697,5.1794,-1.09
2023-03-02,GASOLINA,5.516071428571429,0.2050566648522896,4.99,5.89,84,-19.956425217391303,-45.58733391304347,5.2006,0.41
2023-03-03,GASOLINA,5.5576,0.3633785904535376,5.05,6.36,25,-20.169395789473686,-45.22366789473684,5.1956,-0.1
2023-03-06,GASOLINA,5.414018691588785,0.11520989715317635,5.07,5.89,107,-19.97931112244898,-44.73278377551021,5.1534,-0.81
2023-03-07,GASOLINA,5.459041095890411,0.17608120684198142,5.09,5.99,146,-19.45473508196721,-44.726538852459015,5.191,0.73
2023-03-08,GASOLINA,5.441282051282052,0.1363566653784852,5.15,5.99,78,-19.866839642857144,-43.668763392857144,5.1453,-0.88
2023-03-09,GASOLINA,5.4266417910447755,0.18922455145132733,5.09,5.89,134,-19.9057659375,-45.412374166666666,5.1645,0.37
2023-03-10,GASOLINA,5.4266417910447755,0.18922455145132733,5.09,5.89,134,-19.9057659375,-45.412374166666666,5.1645,0.37
2023-03-13,GASOLINA,5.332380952380952,0.14457346130699666,5.09,6.19,126,-19.86027926605505,-45.339278073394496,5.2459,0.56
2023-03-14,GASOLINA,5.359872611464968,0.1790358339047874,4.94,5.89,157,-19.70074,-44.98364123076923,5.2543,0.16
2023-03-15,GASOLINA,5.4344329896907215,0.16384678483370865,5.09,5.99,97,-19.905482285714285,-43.872456142857146,5.2882,0.65
2023-03-16,GASOLINA,5.5021,0.21880896607854902,5.09,5.89,100,-19.666195454545456,-44.25460015151515,5.2285,-1.13
2023-03-17,GASOLINA,5.24,0.0,5.24,5.24,1,-19.86291,-45.387848135593224,5.2778,0.94
2023-03-20,GASOLINA,5.294513274336283,0.1483660479935308,4.99,5.99,113,-19.687102307692307,-44.661383269230775,5.2368,-0.78
2023-03-21,GASOLINA,5.336503067484663,0.19674993134524765,4.99,5.99,163,-19.544425078125,-44.704752578125,5.243,0.12
2023-03-22,GASOLINA,5.368333333333334,0.22441058878660491,5.07,5.95,90,-19.991420869565218,-44.91074956521739,5.2369,-0.12
2023-03-23,GASOLINA,5.446930693069307,0.24064389696918306,4.89,5.89,101,-20.148554054054053,-44.76622013513513,5.2973,1.15
2023-03-24,GASOLINA,5.186,0.1344618905117731,5.09,5.37,5,-20.73944,-46.60142,5.2463,-0.96
2023-03-27,GASOLINA,5.2967455621301776,0.20054256850051375,4.95,5.99,169,-19.82681313432836,-45.09764567164179,5.1983,-0.91
2023-03-28,GASOLINA,5.2996621621621625,0.18756736854323058,4.99,5.89,148,-19.955358151260505,-44.67769915966387,5.1655,-0.63
2023-03-29,GASOLINA,5.332911392405063,0.18852430910882417,4.99,5.79,79,-19.365208301886792,-44.34387245283019,5.1356,-0.58
2023-03-30,GASOLINA,5.459692307692308,0.2784217194224507,5.05,6.09,65,-19.121266808510637,-44.238725319148934,5.0938,-0.81
2023-03-31,GASOLINA,5.085,0.007071067811865324,5.08,5.09,2,-20.149884999999998,-44.876895000000005,5.0631,-0.6
2023-04-03,GASOLINA,5.311715976331361,0.18325759853771117,4.99,5.99,169,-19.949313492063492,-44.430010396825395,5.0632,0.0
2023-04-04,GASOLINA,5.317333333333334,0.20291058852391833,4.99,5.84,150,-19.798353524590162,-44.16414081967213,5.0716,0.17
2023-04-05,GASOLINA,5.279245283018868,0.19511189153331188,4.93,5.69,53,-19.737281162790698,-45.827683488372095,5.034,-0.74
2023-04-06,GASOLINA,5.433362831858408,0.281261858859412,4.99,6.12,113,-19.237015555555555,-45.239844444444444,5.057,0.46
2023-04-07,GASOLINA,5.433362831858408,0.281261858859412,4.99,6.12,113,-19.237015555555555,-45.239844444444444,5.057,0.46
2023-04-10,GASOLINA,5.271029411764706,0.18844501865124014,4.81,5.99,136,-19.887330948275864,-44.643941465517244,5.0655,0.21
2023-04-11,GASOLINA,5.303786982248521,0.21684941466154173,4.83,5.89,169,-19.79445742857143,-44.794043571428574,5.0054,-1.19
2023-04-12,GASOLINA,5.301830985915493,0.15285202797061062,4.99,5.69,71,-19.672233958333333,-44.97557729166667,4.9181,-1.74
2023-04-13,GASOLINA,5.414835164835165,0.22505980754438798,5.05,5.89,91,-19.629215161290322,-44.53896596774193,4.9272,0.19
2023-04-14,GASOLINA,5.16,0.02645751311064618,5.14,5.19,3,-21.691969999999998,-45.965735,4.9096,-0.36
2023-04-17,GASOLINA,5.302702702702703,0.19777880379540408,4.99,5.94,148,-20.192982385321102,-44.59412458715596,4.9413,0.65
2023-04-18,GASOLINA,5.311189189189189,0.1834058575349853,4.93,5.89,185,-19.430887650602408,-44.72411596385542,4.984,0.86
2023-04-19,GASOLINA,5.387746478873239,0.19339225263769413,4.98,5.99,71,-19.439673333333335,-44.09757066666667,5.0753,1.83
2023-04-20,GASOLINA,5.415,0.2607842423395853,4.67,6.12,96,-20.679352459016393,-45.99626098360656,5.0486,-0.53
2023-04-21,GASOLINA,5.39,0.0,5.39,5.39,1,-19.57272,-42.64055,5.0486,0.0
2023-04-24,GASOLINA,5.3515,0.17242106120299996,4.93,5.89,180,-19.894479270072992,-44.32044686131387,5.0337,-0.3
2023-04-25,GASOLINA,5.346,0.20277810788879816,5.09,5.99,155,-19.782362403100777,-45.19825790697675,5.0497,0.32
2023-04-26,GASOLINA,5.3585714285714285,0.2044256876010252,4.98,5.99,63,-19.778829599999998,-44.375823600000004,5.0435,-0.12
2023-04-27,GASOLINA,5.4540243902439025,0.21915584260609833,5.09,5.94,82,-19.657984629629627,-44.864211851851856,4.9771,-1.32
2023-04-28,GASOLINA,5.4540243902439025,0.21915584260609833,5.09,5.94,82,-19.657984629629627,-44.864211851851856,4.9771,-1.32
2023-05-01,GASOLINA,5.37051282051282,0.18420695191061912,5.03,5.99,78,-20.08394,-44.29461333333333,4.9889,0.05
2023-05-02,GASOLINA,5.35075,0.18925723734323185,4.18,5.89,160,-19.85975475177305,-44.28368127659574,5.0387,1.0
2023-05-03,GASOLINA,5.410326797385621,0.20323508005267674,5.09,5.99,153,-20.183828207547172,-45.60683783018868,4.9949,-0.87
2023-05-04,GASOLINA,5.498461538461538,0.20865667216172817,5.09,5.89,91,-18.707988983050846,-44.607761016949155,4.9822,-0.25
2023-05-05,GASOLINA,5.535675675675676,0.2607951573824065,5.09,5.99,37,-20.948065,-45.61855916666667,4.9518,-0.61
2023-05-08,GASOLINA,5.36748031496063,0.19865008121859407,4.99,5.94,127,-19.765674631578946,-45.10734821052632,5.0097,1.17
2023-05-09,GASOLINA,5.351549295774648,0.2268604587967193,5.07,6.19,142,-19.978558181818183,-43.84337578512397,4.9862,-0.47
2023-05-10,GASOLINA,5.390956521739131,0.20394346444431596,5.08,5.99,115,-19.63069875,-45.35114670454545,4.9424,-0.88
2023-05-11,GASOLINA,5.41,0.21879055493940555,4.95,5.89,102,-19.843720985915493,-44.90418394366197,4.9295,-0.26
2023-05-12,GASOLINA,5.1825,0.09558093055476213,5.05,5.39,8,-21.79439625,-46.5463625,4.9195,-0.2
2023-05-15,GASOLINA,5.345192307692307,0.1933003135082553,5.08,5.89,104,-19.9253410989011,-43.78618340659341,4.8904,-0.59
2023-05-16,GASOLINA,5.278532608695652,0.189048578548163,4.97,5.99,184,-19.75981383116883,-45.20582642857143,4.9402,1.02
2023-05-17,GASOLINA,5.305862068965517,0.20953392986845118,4.95,5.89,116,-19.380264615384615,-45.10820423076923,4.9396,-0.01
2023-05-18,GASOLINA,5.37078947368421,0.252205012680265,4.89,5.89,76,-20.4807736,-44.819055,4.9652,0.52
2023-05-19,GASOLINA,5.29,0.0,5.29,5.29,1,-19.86291,-45.387848135593224,4.9981,0.66
2023-05-22,GASOLINA,5.164893617021277,0.20685266330436602,4.85,5.79,141,-19.631698849557523,-44.01668814159292,4.9667,-0.63
2023-05-23,GASOLINA,5.079784946236559,0.19589836578722472,4.82,5.89,186,-19.845862649006623,-44.70683423841059,4.9714,0.09
2023-05-24,GASOLINA,5.094925373134329,0.20964163603294725,4.79,5.79,67,-19.880122647058823,-44.0931594117647,4.9619,-0.19
2023-05-25,GASOLINA,5.1211111111111105,0.25834148833328585,4.75,5.9,90,-20.088550303030303,-45.63651742424243,5.0356,1.49
2023-05-26,GASOLINA,4.985,0.09294210721797572,4.89,5.19,18,-19.89341411764706,-47.83395823529412,4.9939,-0.83
2023-05-29,GASOLINA,5.04179012345679,0.17560155463094404,4.75,5.79,162,-19.723380763358776,-44.276144351145035,5.0171,0.46
2023-05-30,GASOLINA,5.037796610169492,0.17973213462182144,4.69,5.49,177,-19.51190698630137,-44.910704589041096,5.0357,0.37
2023-05-31,GASOLINA,5.1217171717171714,0.2462868760497976,4.75,5.9,99,-20.27086640625,-44.22942734375,5.0574,0.43
2023-06-01,GASOLINA,5.172000000000001,0.22406267344797315,4.89,5.59,50,-20.325291351351353,-46.14476756756756,5.014,-0.86
2023-06-02,GASOLINA,5.59,0.0,5.59,5.59,1,-19.64063,-43.22051,4.9571,-1.13
2023-06-05,GASOLINA,5.277171052631579,0.1343190713611992,4.93,5.69,152,-20.12088344,-44.702547440000004,4.9289,-0.57
2023-06-06,GASOLINA,5.295306122448979,0.16873545040249463,4.97,5.79,147,-19.335072327586207,-44.57133094827586,4.9125,-0.33
2023-06-07,GASOLINA,5.340000000000001,0.21114830465191312,4.89,5.99,123,-19.652562028985507,-44.451927536231885,4.9235,0.22
2023-06-08,GASOLINA,5.242166666666666,0.11184268107808615,4.95,5.59,60,-20.264429999999997,-45.257801896551726,4.9235,0.0
2023-06-09,GASOLINA,5.4879999999999995,0.33831691257360036,4.88,5.89,25,-20.570393888888887,-45.34800944444444,4.8791,-0.9
2023-06-12,GASOLINA,5.312083333333333,0.17693279676436022,4.97,5.99,168,-19.71097123188406,-44.06612565217391,4.8613,-0.36
2023-06-13,GASOLINA,5.221269841269841,0.19111455884671516,4.89,5.79,126,-19.62994329896907,-45.03623484536083,4.8622,0.02
2023-06-14,GASOLINA,5.250092592592592,0.15237371281107687,4.98,5.79,108,-19.81933,-44.69485927536232,4.8146,-0.98
2023-06-15,GASOLINA,5.3352272727272725,0.21553449878659584,4.88,5.79,88,-19.897376911764706,-45.37004617647059,4.8102,-0.09
2023-06-16,GASOLINA,5.41,0.16970562748477155,5.29,5.53,2,-19.55003,-42.64698,4.8199,0.2
2023-06-19,GASOLINA,5.192039473684211,0.15877986266880675,4.75,5.74,152,-19.80457056,-44.24524912,4.7772,-0.89
2023-06-20,GASOLINA,5.205092024539877,0.22628881386776156,4.88,5.79,163,-19.900822734375,-44.862101015625,4.7902,0.27
2023-06-21,GASOLINA,5.226601941747573,0.24989626631416753,4.78,5.89,103,-19.59004169230769,-45.051687692307695,4.763,-0.57
2023-06-22,GASOLINA,5.28775,0.24623224089403103,4.83,5.99,80,-20.2080766,-45.3510076,4.7689,0.12
2023-06-23,GASOLINA,5.28775,0.24623224089403103,4.83,5.99,80,-20.2080766,-45.3510076,4.7689,0.12
2023-06-26,GASOLINA,5.150479452054794,0.1955516765347711,4.75,5.69,146,-20.022043247863248,-44.70949794871795,4.7675,-0.39
2023-06-27,GASOLINA,5.1579754601226995,0.19848860871379753,4.88,5.73,163,-19.656720454545454,-44.553081818181816,4.8103,0.9
2023-06-28,GASOLINA,5.221313131313131,0.21074525905358868,4.88,5.79,99,-19.880573384615385,-44.097803846153845,4.8506,0.84
2023-06-29,GASOLINA,5.422743362831858,0.2699214428959266,4.83,6.14,113,-19.720554675324674,-45.47928779220779,4.8553,0.1
2023-06-30,GASOLINA,5.415,0.05000000000000019,5.39,5.49,4,-19.86291,-45.387848135593224,4.786,-1.43
2023-07-03,GASOLINA,5.515448275862069,0.16235240865999218,5.14,5.99,145,-19.969305042016806,-44.216219915966384,4.8077,0.45
2023-07-04,GASOLINA,5.538609271523179,0.20855387708407433,5.18,5.99,151,-19.70264318965517,-44.930872586206895,4.8408,0.69
2023-07-05,GASOLINA,5.499916666666667,0.17980613198119577,5.09,5.89,120,-19.741570555555555,-45.02393277777777,4.8478,0.14
2023-07-06,GASOLINA,5.56358024691358,0.2334058088500335,5.21,6.26,81,-19.832127346938776,-45.23061428571428,4.9193,1.47
2023-07-07,GASOLINA,5.39,0.0,5.39,5.39,3,-21.214563333333334,-43.77088333333333,4.872,-0.96
2023-07-10,GASOLINA,5.475142857142857,0.16732121061158248,5.08,5.89,175,-19.948825474452555,-43.92496116788321,4.8978,0.53
2023-07-11,GASOLINA,5.414649122807018,0.21503726709145513,4.98,5.99,114,-19.855399191919194,-45.0320898989899,4.8538,-0.9
2023-07-12,GASOLINA,5.432477064220183,0.18494822079838066,5.09,5.94,109,-19.27058253968254,-44.838166507936506,4.8184,-0.73
2023-07-13,GASOLINA,5.557111111111111,0.2605406843273477,5.15,6.26,90,-19.991920847457628,-45.200293220338985,4.7971,-0.44
2023-07-14,GASOLINA,5.146,0.15693947878083425,4.98,5.29,5,-19.86291,-45.387848135593224,4.7894,-0.16
2023-07-17,GASOLINA,5.365842696629214,0.1894792685096368,5.04,5.79,178,-20.05096843137255,-44.656053790849676,4.8066,0.36
2023-07-18,GASOLINA,5.400062111801242,0.2230316594522231,4.99,5.89,161,-19.747568384615384,-44.42366838461539,4.8105,0.08
2023-07-19,GASOLINA,5.42989010989011,0.24210417640848797,4.86,5.89,91,-19.916591428571426,-44.99234204081633,4.7909,-0.41
2023-07-20,GASOLINA,5.439213483146067,0.2875651100940648,4.98,6.16,89,-19.63283271186441,-45.60550440677966,4.798,0.15
2023-07-21,GASOLINA,5.439213483146067,0.2875651100940648,4.98,6.16,89,-19.63283271186441,-45.60550440677966,4.798,0.15
2023-07-24,GASOLINA,5.3640298507462685,0.25914004517250433,4.95,5.99,134,-19.905733394495414,-44.15450137614679,4.7271,-1.1
2023-07-25,GASOLINA,5.319186046511628,0.23467391892840192,4.86,5.9,172,-19.734737379310346,-44.62649924137931,4.7498,0.48
2023-07-26,GASOLINA,5.405,0.239759639398888,4.98,5.89,112,-19.974482278481013,-45.063498860759495,4.7364,-0.28
2023-07-27,GASOLINA,5.4116,0.2748065251456492,4.89,6.06,100,-19.93679875,-45.75993910714286,4.7424,0.13
2023-07-28,GASOLINA,5.4116,0.2748065251456492,4.89,6.06,100,-19.93679875,-45.75993910714286,4.7424,0.13
2023-07-31,GASOLINA,5.370546075085324,0.26289948485483844,4.87,6.06,293,-19.636129478672984,-45.008848104265404,4.7241,-0.2
2023-08-01,GASOLINA,5.246082474226804,0.22627212921719123,4.97,5.79,97,-20.16503772727273,-43.88549375,4.7911,1.42
2023-08-02,GASOLINA,5.265862068965517,0.1848283649792623,5.05,5.83,58,-19.710083617021276,-44.45021468085106,4.812,0.44
2023-08-03,GASOLINA,5.3189705882352944,0.2710903341531943,4.86,5.89,68,-20.376445833333335,-45.59133638888889,4.917,2.18
2023-08-04,GASOLINA,5.4125,0.22983689869122398,5.17,5.69,4,-21.4183375,-44.82338,4.8733,-0.89
2023-08-07,GASOLINA,5.299386503067485,0.2673756622338316,4.75,5.79,163,-19.941156183206107,-44.446828244274805,4.8999,0.55
2023-08-08,GASOLINA,5.273407407407407,0.25165471180681576,4.93,5.99,135,-19.693463196721314,-44.69686778688524,4.8996,-0.01
2023-08-09,GASOLINA,5.2977235772357725,0.23062570985498324,4.95,5.89,123,-19.39394494117647,-44.5950525882353,4.902,0.05
2023-08-10,GASOLINA,5.391818181818182,0.2916995204664116,4.89,5.99,88,-20.535321020408162,-45.5191381632653,4.8924,-0.2
2023-08-11,GASOLINA,4.965,0.1666333299993335,4.82,5.19,4,-19.86291,-45.387848135593224,4.9048,0.25
2023-08-14,GASOLINA,5.329722222222222,0.24710334307747078,4.95,5.89,144,-19.826830168067225,-44.05753462184874,4.9615,1.16
2023-08-15,GASOLINA,5.358686131386861,0.3005651967990233,4.94,6.29,137,-19.9326626446281,-44.935441074380165,4.9845,0.46
2023-08-16,GASOLINA,5.712522522522523,0.22661729240152265,5.19,6.28,111,-20.01019984126984,-44.06744603174603,4.9879,0.07
2023-08-17,GASOLINA,5.82,0.24827828189988355,5.22,6.39,96,-18.740166923076924,-45.29077730769231,4.9758,-0.24
2023-08-18,GASOLINA,6.1933333333333325,0.09237604307034028,6.14,6.3,3,-19.750059999999998,-43.589765,4.9694,-0.13
2023-08-21,GASOLINA,5.707647058823529,0.20181511873757527,4.87,6.27,170,-19.7743924822695,-44.21741574468086,4.9793,0.2
2023-08-22,GASOLINA,5.765170068027211,0.23035218343442937,5.35,6.49,147,-19.61211536,-45.32647872,4.9386,-0.82
2023-08-23,GASOLINA,5.774144144144144,0.2846927162221448,5.28,6.3,111,-19.99664707317073,-44.70294524390244,4.8572,-1.65
2023-08-24,GASOLINA,5.711111111111111,0.20827265783102683,5.29,6.39,81,-20.591888,-44.99822575,4.8802,0.47
2023-08-25,GASOLINA,5.565,0.1767766952966369,5.44,5.69,2,-19.95831,-44.00111,4.8711,-0.19
2023-08-28,GASOLINA,5.683020134228188,0.20486219725011268,5.29,6.29,149,-19.61626958677686,-44.3540720661157,4.8731,0.04
2023-08-29,GASOLINA,5.708783783783784,0.2688066482753247,5.08,6.38,148,-19.83781899224806,-44.4842792248062,4.8523,-0.43
2023-08-30,GASOLINA,5.703191489361703,0.2623148103171767,5.34,6.3,94,-19.802952835820896,-45.94414388059701,4.889,0.76
2023-08-31,GASOLINA,5.716578947368421,0.24090474358565042,5.25,6.39,114,-19.835726515151517,-44.62598863636364,4.9544,1.34
2023-09-01,GASOLINA,5.716578947368421,0.24090474358565042,5.25,6.39,114,-19.835726515151517,-44.62598863636364,4.9544,1.34
2023-09-04,GASOLINA,5.739440993788819,0.2669743631119032,5.34,6.3,161,-19.802604809160307,-44.23778183206107,4.9376,-0.18
2023-09-05,GASOLINA,5.6654838709677415,0.22723691381002642,5.35,6.7,155,-19.68049007936508,-44.379154285714286,4.9671,0.6
2023-09-06,GASOLINA,5.680266666666666,0.2613104473383015,5.09,6.39,150,-19.699984421052633,-46.02884757894737,4.9784,0.23
2023-09-07,GASOLINA,5.83,0.3481008381897219,5.17,6.29,32,-20.842496875000002,-43.978279375,4.9767,-0.03
2023-09-08,GASOLINA,5.788947368421053,0.21898489894262643,5.49,6.14,19,-21.495822727272728,-45.711952727272724,4.9882,0.23
2023-09-11,GASOLINA,5.721949685534591,0.23501273325972022,5.34,6.29,159,-19.91859796875,-44.267593046875,4.9307,-1.15
2023-09-12,GASOLINA,5.686292134831461,0.28517367895622486,5.16,6.49,178,-19.782305177304963,-45.10415780141844,4.947,0.33
2023-09-13,GASOLINA,5.6624691358024695,0.22118166099497014,5.19,6.3,81,-19.177970877192983,-44.66926543859649,4.9153,-0.64
2023-09-14,GASOLINA,5.712527472527473,0.2267822911300783,5.27,6.19,91,-20.472424,-45.02930355555555,4.8668,-0.99
2023-09-15,GASOLINA,5.73,0.07999999999999972,5.69,5.85,4,-20.6330775,-45.27796,4.8663,-0.01
2023-09-18,GASOLINA,5.663669064748201,0.21963455776268848,5.29,6.19,139,-19.96667025210084,-44.26097092436975,4.8556,-0.22
2023-09-19,GASOLINA,5.739217877094972,0.2722347229831548,5.19,6.39,179,-19.599255,-44.4700868382353,4.8673,0.24
2023-09-20,GASOLINA,5.621428571428572,0.22285307281590747,5.19,6.38,91,-19.711128153846154,-45.09131123076923,4.8801,0.26
2023-09-21,GASOLINA,5.676770833333333,0.23838710134510072,5.29,6.19,96,-20.058169344262296,-45.248707868852456,4.9351,1.13
2023-09-22,GASOLINA,5.7700000000000005,0.24172987679087846,5.35,6.06,7,-19.264754,-46.92893,4.9351,0.0
2023-09-25,GASOLINA,5.667482014388489,0.22102886402491562,5.09,6.15,139,-19.953922767857144,-44.14972982142857,4.9678,0.66
2023-09-26,GASOLINA,5.663630573248408,0.24680302762304196,5.22,6.38,157,-19.723305820895522,-44.70589679104478,4.9898,0.44
2023-09-27,GASOLINA,5.654942528735632,0.2565462629444062,5.19,6.25,87,-19.220315471698115,-44.84082075471699,5.0425,1.06
2023-09-28,GASOLINA,5.703798449612403,0.27773974384318423,5.19,6.39,129,-19.975688271604938,-45.23386197530864,5.0331,-0.19
2023-09-29,GASOLINA,6.14,0.0,6.14,6.14,1,-19.64073,-43.23379,5.032,-0.02
2023-10-02,GASOLINA,5.733735632183908,0.2777206131244537,5.19,6.38,174,-19.987031338028167,-44.38283626760563,5.061,0.58
2023-10-03,GASOLINA,5.598561151079137,0.23560148479847293,5.25,6.49,139,-19.932011157024792,-44.954791404958684,5.1669,2.09
2023-10-04,GASOLINA,5.673577981651376,0.26358470047694005,5.19,6.28,109,-19.84888689189189,-44.57465635135135,5.1562,-0.21
2023-10-05,GASOLINA,5.672530120481928,0.22847769477242613,5.27,6.39,83,-19.36670693877551,-45.2107706122449,5.1658,0.19
2023-10-06,GASOLINA,5.86,0.16046806535881208,5.59,5.99,5,-20.4386625,-45.086645000000004,5.1457,-0.39
2023-10-09,GASOLINA,5.6282000000000005,0.20641415980772138,5.18,6.19,150,-19.754708303571427,-44.111059732142856,5.1355,-0.2
2023-10-10,GASOLINA,5.667772020725389,0.29211461407254113,5.24,6.38,193,-19.775966233766233,-44.80490272727273,5.0516,-1.63
2023-10-11,GASOLINA,5.7339393939393934,0.2978693665933626,5.19,6.39,99,-20.155712241379312,-44.220320689655175,5.0483,-0.07
2023-10-12,GASOLINA,5.642166666666666,0.1987255297091747,5.19,6.14,60,-20.044913414634145,-45.019992682926826,5.046,-0.05
2023-10-13,GASOLINA,5.8275,0.02499999999999984,5.79,5.84,4,-17.23561666666667,-46.88219,5.0801,0.68
2023-10-16,GASOLINA,5.637787610619469,0.23095583418725926,5.25,6.19,113,-20.179990113636364,-44.20275431818182,5.0377,-0.83
2023-10-17,GASOLINA,5.6476732673267325,0.2589339649163112,5.24,6.49,202,-19.55892323529412,-44.77998470588235,5.0414,0.07
2023-10-18,GASOLINA,5.707345132743362,0.2985770351036345,5.17,6.25,113,-19.847224810126583,-44.84316367088608,5.0591,0.35
2023-10-19,GASOLINA,5.61934065934066,0.2489480186607557,4.99,6.15,91,-20.16808043478261,-45.33964347826087,5.0646,0.11
2023-10-20,GASOLINA,5.59,0.0,5.59,5.59,1,-22.22857,-45.93457,5.0312,-0.66
2023-10-23,GASOLINA,5.623221476510067,0.23970496633777622,5.18,6.25,149,-19.97882688,-44.509442799999995,5.0112,-0.4
2023-10-24,GASOLINA,5.602910447761194,0.2722278585260751,5.15,6.38,134,-19.498502260869568,-44.33706191304348,4.9908,-0.41
2023-10-25,GASOLINA,5.5867826086956525,0.2683920535927462,5.09,6.19,115,-19.725234886363637,-45.252274431818186,4.9947,0.08
2023-10-26,GASOLINA,5.651354166666667,0.2805394044624395,5.17,6.39,96,-19.785832857142857,-44.556598367346936,4.9861,-0.17
2023-10-27,GASOLINA,5.470909090909091,0.20535114051081116,5.19,5.83,11,-20.998917999999996,-45.92106,5.0152,0.58
2023-10-30,GASOLINA,5.598833333333333,0.2517142900172391,5.17,6.19,180,-19.926587021276593,-44.42978992907801,5.0472,0.64
2023-10-31,GASOLINA,5.619182879377432,0.2923940005895115,5.09,6.39,257,-19.640783829787235,-44.89012744680851,5.035,-0.24
2023-11-01,GASOLINA,5.422631578947368,0.15855965884654838,5.24,5.89,57,-19.808082272727273,-44.3698225,4.9534,-1.62
2023-11-02,GASOLINA,5.664375,0.11592921690985991,5.5,5.99,16,-19.988675714285712,-44.60283857142857,4.9534,0.0
2023-11-03,GASOLINA,5.703333333333333,0.21164885564358285,5.39,5.99,15,-21.988522727272727,-45.62700181818182,4.9012,-1.05
2023-11-06,GASOLINA,5.593529411764706,0.21956655388570492,5.16,6.19,119,-19.98662842696629,-44.31384415730337,4.8853,-0.32
2023-11-07,GASOLINA,5.620402684563759,0.31834427903253515,5.18,6.15,149,-19.65357294642857,-44.343904910714286,4.8724,-0.26
2023-11-08,GASOLINA,5.534344827586207,0.2664343096887305,5.14,6.38,145,-19.858762352941177,-44.92782142857143,4.9103,0.78
2023-11-09,GASOLINA,5.602676056338028,0.2593671294653247,5.19,6.39,71,-20.028478684210526,-43.783434210526316,4.9342,0.49
2023-11-10,GASOLINA,5.723000000000001,0.19641509333268894,5.39,6.04,10,-19.861151666666668,-45.324711666666666,4.9013,-0.67
2023-11-13,GASOLINA,5.591258278145695,0.265247820313411,5.09,6.39,151,-19.760658,-44.066009666666666,4.9075,0.13
2023-11-14,GASOLINA,5.568465909090909,0.29594676930106945,5.09,6.38,176,-19.692367919463088,-45.15584093959732,4.8654,-0.86
2023-11-15,GASOLINA,5.628510638297873,0.22214349772167208,5.29,6.13,47,-19.651306875,-43.511241875,4.862,-0.07
2023-11-16,GASOLINA,5.540882352941176,0.27508091677651314,5.19,6.15,102,-20.131240350877196,-44.28594701754386,4.8632,0.02
2023-11-17,GASOLINA,5.609999999999999,0.43392500399367273,5.05,6.09,12,-20.736599090909092,-44.691604545454545,4.9059,0.88
2023-11-20,GASOLINA,5.598148148148148,0.24780283804882566,5.09,6.38,135,-20.02273145631068,-44.470273009708734,4.8543,-1.05
2023-11-21,GASOLINA,5.536853146853146,0.2865049702895064,5.08,6.19,143,-19.768962844827584,-44.70641422413793,4.9006,0.95
2023-11-22,GASOLINA,5.535763888888889,0.2621097294936994,5.19,6.15,144,-19.55120019047619,-44.7718,4.9068,0.13
2023-11-23,GASOLINA,5.59240506329114,0.2853392725981737,4.99,6.39,79,-19.647746041666668,-44.80968375,4.9039,-0.06
2023-11-24,GASOLINA,5.915384615384616,0.2379991381152245,5.47,6.15,13,-21.160397142857143,-44.40311857142857,4.902,-0.04
2023-11-27,GASOLINA,5.522012987012987,0.2445253635617509,5.05,6.19,154,-19.830020483870967,-44.5160260483871,4.8964,-0.11
2023-11-28,GASOLINA,5.569060402684563,0.3087952664746241,4.97,6.38,149,-19.680442459016394,-45.00499270491804,4.8705,-0.53
2023-11-29,GASOLINA,5.523136094674556,0.2469629559389145,5.15,6.39,169,-20.006911452991453,-44.800917350427355,4.9029,0.67
2023-11-30,GASOLINA,5.627936507936508,0.2882939736771765,5.19,6.09,63,-20.206029743589745,-43.76308794871795,4.9205,0.36
2023-12-01,GASOLINA,5.627936507936508,0.2882939736771765,5.19,6.09,63,-20.206029743589745,-43.76308794871795,4.9205,0.36
2023-12-04,GASOLINA,5.524567901234568,0.26155554441495094,4.99,6.19,162,-19.974445338345866,-44.59511165413534,4.9432,1.29
2023-12-05,GASOLINA,5.547173913043478,0.2879197706844734,4.97,6.38,138,-19.523430347826086,-44.99293060869565,4.9306,-0.25
2023-12-06,GASOLINA,5.447593984962406,0.23609240094023987,5.13,6.29,133,-20.062347314814815,-44.94653342592593,4.9022,-0.58
2023-12-07,GASOLINA,5.588674698795181,0.27270000976833886,5.18,6.15,83,-20.052163783783783,-43.92038324324324,4.9115,0.19
2023-12-08,GASOLINA,5.79,0.0,5.79,5.79,1,-19.67733,-43.2613,4.9317,0.41
2023-12-11,GASOLINA,5.60595744680851,0.3115559539825974,5.09,6.19,141,-20.018327247706424,-44.07185899082569,4.9386,0.14
2023-12-12,GASOLINA,5.498387096774193,0.26462548192835045,4.97,6.14,124,-19.9158774,-45.1613538,4.9631,0.5
2023-12-13,GASOLINA,5.467657142857143,0.2635755407496019,5.12,6.38,175,-19.816952746478872,-45.05541598591549,4.9197,-0.87
2023-12-14,GASOLINA,5.55046875,0.22502507576317385,4.99,6.09,64,-19.567649117647058,-44.301856176470594,4.9155,-0.09
2023-12-15,GASOLINA,5.59,0.2035681703999918,5.35,5.79,6,-19.86291,-45.387848135593224,4.9371,0.44
2023-12-18,GASOLINA,5.466805555555556,0.2465784114149354,4.99,6.19,144,-19.788060431034484,-45.26425120689655,4.8967,-0.82
2023-12-19,GASOLINA,5.527875,0.2593009167141626,4.94,6.13,160,-19.611324033613442,-44.665987226890756,4.8675,-0.6
2023-12-20,GASOLINA,5.461739130434783,0.2793290005968244,5.13,6.38,138,-20.006678691588785,-44.79305485981308,4.9163,1.0
2023-12-21,GASOLINA,5.571641791044776,0.2801601112293046,4.99,5.99,67,-20.26375756756757,-43.82825108108108,4.8844,-0.65
2023-12-22,GASOLINA,5.675714285714286,0.28342295501347714,5.34,5.98,7,-21.080484285714284,-43.19631285714286,4.8585,-0.53
2023-12-25,GASOLINA,5.34125,0.15499739852135302,5.09,5.84,32,-20.220145862068964,-43.87873344827586,4.8585,0.0
2023-12-26,GASOLINA,5.538413793103449,0.2856830894298906,5.05,6.14,145,-20.085805555555552,-44.695367948717944,4.814,-0.92
2023-12-27,GASOLINA,5.46300469483568,0.24772433129887989,4.99,6.13,213,-19.75061418079096,-44.77590322033898,4.8267,0.26
2023-12-28,GASOLINA,5.533488372093023,0.31798545080243007,4.99,6.13,86,-20.005283157894734,-44.35639921052631,4.8521,0.53
2023-12-29,GASOLINA,5.553333333333334,0.29946021900116837,4.99,5.99,42,-19.89247275862069,-45.98531655172414,4.8521,0.0
2024-01-01,GASOLINA,5.398148148148148,0.2094872317944468,5.09,5.76,27,-19.920434444444442,-43.47555444444444,4.8526,0.01
2024-01-02,GASOLINA,5.503636363636364,0.28205645561809817,5.05,6.19,176,-19.67139125,-44.47749597222222,4.9235,1.46
2024-01-03,GASOLINA,5.492571428571429,0.26649435165791113,4.99,6.12,140,-20.372736542056074,-44.835028037383175,4.9198,-0.08
2024-01-04,GASOLINA,5.458260869565218,0.28598018846105344,4.94,6.19,115,-19.574954925373135,-45.22504492537314,4.8968,-0.47
2024-01-05,GASOLINA,5.726551724137931,0.2887445220515506,5.09,5.99,29,-20.351667894736842,-43.81585842105263,4.8743,-0.46
2024-01-08,GASOLINA,5.4420370370370375,0.25850535246543405,4.99,6.19,162,-19.527944857142856,-44.57559735714286,4.87,-0.09
2024-01-09,GASOLINA,5.536388888888889,0.32214667013408194,4.95,6.13,144,-20.218351403508773,-44.80238157894737,4.9038,0.69
2024-01-10,GASOLINA,5.5028873239436615,0.25195288590847825,5.15,6.12,142,-20.027950404040403,-44.71118404040404,4.8909,-0.26
2024-01-11,GASOLINA,5.427428571428572,0.3235611884174359,4.95,6.15,70,-19.895576153846154,-45.56681897435897,4.87,-0.43
2024-01-12,GASOLINA,5.323333333333333,0.028867513459481058,5.29,5.34,3,-21.138735,-44.38785,4.8539,-0.33
2024-01-15,GASOLINA,5.3900826446281,0.22232294778755438,4.94,6.19,121,-19.74863632653061,-44.34767908163265,4.8628,0.18
2024-01-16,GASOLINA,5.4827559055118105,0.3055535626163545,4.85,6.19,127,-20.023260096153845,-44.823162980769226,4.9258,1.3
2024-01-17,GASOLINA,5.438100558659218,0.27289288953175306,4.95,6.05,179,-19.738874782608697,-44.78669688405797,4.9349,0.18
2024-01-18,GASOLINA,5.55943661971831,0.3166651558437608,4.89,6.15,71,-20.565700555555555,-43.77288444444444,4.9269,-0.16
2024-01-19,GASOLINA,5.99,0.0,5.99,5.99,1,-19.63502,-43.20423,4.931,0.08
2024-01-22,GASOLINA,5.464545454545455,0.2884926967638027,5.05,6.19,132,-20.025327272727274,-44.09823072727273,4.9892,1.18
2024-01-23,GASOLINA,5.493771929824561,0.30484985525556707,4.99,6.15,114,-19.5883783908046,-45.037801379310345,4.9535,-0.72
2024-01-24,GASOLINA,5.368967741935484,0.28658122348465026,4.79,5.99,155,-19.999667890625,-44.647484765625,4.9335,-0.4
2024-01-25,GASOLINA,5.480666666666666,0.2534871403781237,4.99,5.9,90,-19.900142826086956,-44.89529413043478,4.9165,-0.34
2024-01-26,GASOLINA,5.480666666666666,0.2534871403781237,4.99,5.9,90,-19.900142826086956,-44.89529413043478,4.9165,-0.34
2024-01-29,GASOLINA,5.434552845528455,0.29071210487725585,4.97,5.99,123,-19.779952626262627,-44.304588686868684,4.9518,0.71
2024-01-30,GASOLINA,5.465680473372782,0.28577949734810665,4.99,5.99,169,-19.958406821705427,-44.680571007751944,4.9516,0.0
2024-01-31,GASOLINA,5.427287234042553,0.271684352960647,4.95,6.15,188,-19.80417323529412,-44.502588308823526,4.9526,0.02
2024-02-01,GASOLINA,5.579268292682927,0.23336013202668582,5.16,6.15,41,-19.7147588,-45.834926800000005,4.9163,-0.73
2024-02-02,GASOLINA,5.7,0.0,5.7,5.7,1,-19.57272,-42.64055,4.9699,1.09
2024-02-05,GASOLINA,5.668360655737705,0.266155241643128,5.07,6.19,122,-19.94001504950495,-43.70458831683168,4.9854,0.31
2024-02-06,GASOLINA,5.654580645161291,0.23532579988282243,5.15,6.29,155,-19.56168171171171,-45.27741810810811,4.9634,-0.44
2024-02-07,GASOLINA,5.635390070921986,0.2752856120221753,5.19,6.19,141,-19.81036783783784,-45.17364288288289,4.9685,0.1
2024-02-08,GASOLINA,5.70302752293578,0.2594313745952155,5.29,6.36,109,-20.180054520547944,-44.38471575342466,4.992,0.47
2024-02-09,GASOLINA,5.70302752293578,0.2594313745952155,5.29,6.36,109,-20.180054520547944,-44.38471575342466,4.992,0.47
2024-02-12,GASOLINA,5.6848936170212765,0.2557079343719216,5.37,6.29,94,-19.707860422535212,-44.40603408450704,4.9536,0.04
2024-02-13,GASOLINA,5.629270833333333,0.27223923222306395,5.15,6.36,96,-19.890236202531643,-45.44776569620253,4.9536,0.0
2024-02-14,GASOLINA,5.651896551724138,0.16274767769987275,5.19,6.1,116,-19.63351833333333,-43.798208333333335,4.969,0.31
2024-02-15,GASOLINA,5.6421212121212125,0.261514789673613,5.18,6.19,165,-19.632173909774437,-45.04386127819549,4.9732,0.08
2024-02-16,GASOLINA,5.788108108108108,0.22971498526196718,5.36,6.2,74,-20.952301707317073,-44.57272487804878,4.9665,-0.13
2024-02-19,GASOLINA,5.655267857142857,0.2625686004618981,5.08,6.19,112,-19.930057555555553,-44.48152011111111,4.9564,-0.2
2024-02-20,GASOLINA,5.636785714285715,0.21296370407545806,5.15,6.16,112,-20.11505595744681,-44.44070670212766,4.9275,-0.58
2024-02-21,GASOLINA,5.634709302325581,0.24531022804427918,5.19,6.29,172,-19.852979692307695,-45.32528523076923,4.9358,0.17
2024-02-22,GASOLINA,5.679626168224299,0.24748518245579665,5.19,6.36,107,-19.48340104477612,-44.287758358208954,4.9605,0.5
2024-02-23,GASOLINA,5.631666666666667,0.23272799324657928,5.37,5.99,24,-19.3345175,-43.805495625,4.9951,0.7
2024-02-26,GASOLINA,5.70953488372093,0.277232022819775,5.08,6.19,129,-19.932486559139786,-44.162021505376345,4.9799,-0.3
2024-02-27,GASOLINA,5.66423076923077,0.22640254889007053,5.27,6.29,156,-19.662715263157896,-45.25917657894737,4.9335,-0.93
2024-02-28,GASOLINA,5.5984,0.24090455934126573,5.18,6.19,150,-19.89821559322034,-44.23682118644068,4.9675,0.69
2024-02-29,GASOLINA,5.558651685393258,0.2692506056852982,5.04,6.36,89,-19.823056764705882,-45.18231147058823,4.9716,0.08
2024-03-01,GASOLINA,5.57,0.0,5.57,5.57,1,-19.53559,-42.63784,4.9541,-0.35
2024-03-04,GASOLINA,5.656727272727273,0.25155701960342863,5.08,6.36,110,-19.955934935064935,-44.24094220779221,4.9458,-0.17
2024-03-05,GASOLINA,5.708175182481751,0.2627351019398184,5.15,6.29,137,-19.820795596330274,-44.37646550458716,4.9581,0.25
2024-03-06,GASOLINA,5.591338028169014,0.24366652270733233,5.19,6.29,142,-19.557183396226414,-44.99988264150943,4.9446,-0.27
2024-03-07,GASOLINA,5.607777777777778,0.24928454839731176,5.19,6.19,135,-19.924681458333335,-44.978796875,4.935,-0.19
2024-03-08,GASOLINA,5.834545454545454,0.06330302305003084,5.75,5.94,11,-19.703712,-44.704814999999996,4.9806,0.92
2024-03-11,GASOLINA,5.615634920634921,0.1969344907597289,5.08,6.19,126,-19.747729684210526,-44.9293852631579,4.9771,-0.07
2024-03-12,GASOLINA,5.662206896551724,0.2508775403057934,5.15,6.29,145,-19.73341763157895,-44.36779157894737,4.9718,-0.11
2024-03-13,GASOLINA,5.586153846153847,0.2561957361426036,5.19,6.36,130,-19.87570139784946,-44.81085225806452,4.97,-0.04
2024-03-14,GASOLINA,5.643425925925926,0.30688109066468366,5.19,6.19,108,-19.604071012658228,-44.7738682278481,4.9895,0.39
2024-03-15,GASOLINA,5.581666666666667,0.2959985667450969,5.34,6.19,12,-21.338890000000003,-45.12589499999999,4.9949,0.11
2024-03-18,GASOLINA,5.674520547945206,0.2380874431996635,5.08,6.19,146,-19.539049590163934,-44.06695918032787,5.0253,0.61
2024-03-19,GASOLINA,5.597867647058824,0.22665165992229958,5.15,6.29,136,-19.746719473684212,-44.86693447368421,5.0301,0.1
2024-03-20,GASOLINA,5.581509433962264,0.2518532923400722,5.25,6.29,106,-20.26051972222222,-44.773908472222224,4.9691,-1.21
2024-03-21,GASOLINA,5.6316037735849065,0.3087336247208,5.19,6.36,106,-20.11571776119403,-45.110726865671644,4.9781,0.18
2024-03-22,GASOLINA,5.645555555555556,0.24078575077810946,5.45,6.19,9,-20.13906,-45.019110000000005,4.9997,0.43
2024-03-25,GASOLINA,5.620884955752212,0.25477075662713755,5.08,6.36,113,-19.719837444444444,-44.070505777777775,4.9751,-0.49
2024-03-26,GASOLINA,5.6777500000000005,0.28484541731385793,5.12,6.29,120,-20.131470352941175,-44.819970352941176,4.9808,0.11
2024-03-27,GASOLINA,5.620509554140127,0.21517374070779305,5.19,6.29,157,-19.647512347826087,-44.72677139130435,4.9866,0.12
2024-03-28,GASOLINA,5.616434782608695,0.23139618681124718,5.29,6.17,115,-19.772979736842107,-45.057740263157896,5.0129,0.53
2024-03-29,GASOLINA,5.6031249999999995,0.22443168968158955,5.34,5.89,16,-21.592296923076923,-45.396202307692306,5.0153,0.05
2024-04-01,GASOLINA,5.709099999999999,0.25405040063067436,5.08,6.19,100,-19.771211333333333,-44.11475613333334,5.0543,0.78
2024-04-02,GASOLINA,5.649205298013245,0.19799502747563455,5.12,6.29,151,-19.543477807017545,-44.90256061403509,5.0576,0.07
2024-04-03,GASOLINA,5.6155,0.21775613381245937,5.29,6.49,140,-20.217276875,-44.49490544642857,5.0393,-0.36
2024-04-04,GASOLINA,5.730884955752213,0.24658944161921967,5.27,6.46,113,-19.85805462686567,-44.98646671641791,5.0538,0.29
2024-04-05,GASOLINA,5.6161111111111115,0.21035373258028375,5.25,5.99,18,-20.428526875,-45.589494375,5.0655,0.23
2024-04-08,GASOLINA,5.714803149606299,0.20708425704000463,5.18,6.24,127,-19.741137843137256,-44.619046568627454,5.0268,-0.76
2024-04-09,GASOLINA,5.698521126760563,0.250497228033809,5.19,6.29,142,-20.060717094017093,-44.779252136752135,5.009,-0.35
2024-04-10,GASOLINA,5.674511278195489,0.19936439214836546,5.29,6.46,133,-19.511618725490198,-44.80206470588235,5.0746,1.31
2024-04-11,GASOLINA,5.704854368932039,0.2088007966970279,5.19,6.19,103,-19.953124857142857,-44.85375271428571,5.0917,0.34
2024-04-12,GASOLINA,5.640000000000001,0.07071067811865482,5.59,5.69,2,-21.144555,-44.38766,5.1175,0.51
2024-04-15,GASOLINA,5.739424460431654,0.23165369513525022,5.18,6.29,139,-20.12551472222222,-44.61408953703704,5.1846,1.31
2024-04-16,GASOLINA,5.702282608695652,0.1906795627543076,5.12,6.24,184,-19.620095673758865,-44.280329148936175,5.2826,1.89
2024-04-17,GASOLINA,5.735847457627119,0.1927059948822728,5.37,6.15,118,-19.88356638888889,-45.0652575,5.242,-0.77
2024-04-18,GASOLINA,5.721800000000001,0.21837961572833786,5.19,6.46,100,-19.88619197530864,-45.46520728395062,5.2482,0.12
2024-04-19,GASOLINA,5.69,0.0,5.69,5.69,1,-19.86291,-45.387848135593224,5.2027,-0.87
2024-04-22,GASOLINA,5.777264957264958,0.17512864203613468,5.39,6.29,117,-19.795445180722893,-44.452840722891565,5.168,-0.67
2024-04-23,GASOLINA,5.741978021978022,0.22096083390961516,5.25,6.24,182,-20.06362904109589,-44.8286497260274,5.126,-0.81
2024-04-24,GASOLINA,5.697924528301887,0.20144580734627957,5.12,6.05,106,-19.98832164556962,-44.75703797468354,5.1457,0.38
2024-04-25,GASOLINA,5.787241379310346,0.21367014890651678,5.19,6.46,116,-19.593921927710845,-44.82999265060241,5.1602,0.28
2024-04-26,GASOLINA,5.885714285714286,0.27054618477302156,5.45,6.11,7,-19.242178000000003,-42.148658,5.1151,-0.87
2024-04-29,GASOLINA,5.780816326530612,0.22124669358972363,5.25,6.19,196,-19.814142875816994,-44.636126209150326,5.1189,0.07
2024-04-30,GASOLINA,5.743636363636364,0.2332880268190082,5.19,6.19,143,-19.71240733333333,-44.15291222222222,5.1934,1.46
2024-05-01,GASOLINA,5.7635,0.15107596555515043,5.39,5.89,20,-20.590333157894737,-44.06179684210526,5.1936,0.0
2024-05-02,GASOLINA,5.771111111111112,0.18161907258970536,5.38,6.15,99,-19.816156790123458,-44.54360111111111,5.1113,-1.58
2024-05-03,GASOLINA,5.848727272727273,0.26768593085135767,5.19,6.29,55,-19.76471212121212,-45.723603030303025,5.0722,-0.76
2024-05-06,GASOLINA,5.774666666666667,0.18659232213001464,5.29,6.29,120,-19.930671463414633,-44.134690731707316,5.0758,0.07
2024-05-07,GASOLINA,5.7589560439560445,0.2492851841356944,5.18,6.29,182,-19.894523677419354,-44.721397483870966,5.0707,-0.1
2024-05-08,GASOLINA,5.801217391304347,0.23130123074469855,5.37,6.24,115,-19.934008493150685,-44.89181095890411,5.0909,0.4
2024-05-09,GASOLINA,5.774020618556701,0.20916829245955693,5.19,6.46,97,-19.476965373134327,-45.090441492537316,5.1412,0.99
2024-05-10,GASOLINA,5.555,0.21614389146626795,5.29,5.95,12,-21.050794166666666,-45.02298916666666,5.1584,0.33
2024-05-13,GASOLINA,5.8689189189189195,0.2339694006830084,5.29,6.29,148,-19.982225217391303,-44.100572,5.1511,-0.14
2024-05-14,GASOLINA,5.747014925373135,0.22774484420349145,5.18,6.19,134,-19.74453603773585,-44.15536339622642,5.1299,-0.41
2024-05-15,GASOLINA,5.841491228070176,0.21152305866536383,5.38,6.46,114,-19.963338243243243,-45.424839864864865,5.1373,0.14
2024-05-16,GASOLINA,5.781696428571428,0.20349154261309702,5.19,6.09,112,-19.804170595238094,-45.07919392857143,5.1288,-0.17
2024-05-17,GASOLINA,5.808333333333334,0.18659224707009306,5.59,6.09,6,-19.86291,-45.387848135593224,5.1031,-0.5
2024-05-20,GASOLINA,5.844251497005988,0.24961755611341604,5.25,6.54,167,-20.338623274336285,-44.41875380530974,5.1033,0.0
2024-05-21,GASOLINA,5.79058064516129,0.22235235495228697,5.19,6.29,155,-19.589458959999998,-44.92338904,5.1225,0.38
2024-05-22,GASOLINA,5.887586206896552,0.20405178046237124,5.39,6.46,87,-19.56343611111111,-44.586195277777776,5.1503,0.54
2024-05-23,GASOLINA,5.74271186440678,0.19466236830936376,5.19,6.09,118,-19.742214146341464,-44.8432843902439,5.1442,-0.12
2024-05-24,GASOLINA,5.74,0.0707106781186545,5.69,5.79,2,-21.155900000000003,-44.384445,5.166,0.42
2024-05-27,GASOLINA,5.84087591240876,0.2356389138583547,5.25,6.24,137,-19.832878571428573,-44.560129387755104,5.1708,0.09
2024-05-28,GASOLINA,5.811557788944723,0.24549082030840305,5.18,6.29,199,-19.991100130718955,-44.690488823529414,5.1611,-0.19
2024-05-29,GASOLINA,5.834096385542169,0.2508621045008218,5.25,6.49,83,-19.29451641509434,-44.00879,5.2018,0.79
2024-05-30,GASOLINA,5.784461538461539,0.22077300820944135,5.33,5.99,65,-20.084758771929824,-45.083175964912286,5.2034,0.03
2024-05-31,GASOLINA,5.653939393939394,0.23329085111105669,5.29,6.09,33,-19.710004615384612,-46.39067038461538,5.2443,0.79
