"Data","Último","Abertura","Máxima","Mínima","Vol.","Var%"
"31.05.2024","5,2443","5,1997","5,2587","5,1930","","0,79%"
"30.05.2024","5,2034","5,2038","5,2038","5,2036","","0,03%"
"29.05.2024","5,2018","5,1615","5,2141","5,1573","","0,79%"
"28.05.2024","5,1611","5,1715","5,1738","5,1349","","-0,19%"
"27.05.2024","5,1708","5,1713","5,1852","5,1557","","0,09%"
"24.05.2024","5,1660","5,1446","5,1767","5,1302","","0,42%"
"23.05.2024","5,1442","5,1511","5,1607","5,1255","","-0,12%"
"22.05.2024","5,1503","5,1228","5,1643","5,1219","","0,54%"
"21.05.2024","5,1225","5,1040","5,1254","5,0838","","0,38%"
"20.05.2024","5,1033","5,1035","5,1293","5,0903","","0,00%"
"17.05.2024","5,1031","5,1288","5,1385","5,1003","","-0,50%"
"16.05.2024","5,1288","5,1373","5,1400","5,1047","","-0,17%"
"15.05.2024","5,1373","5,1302","5,1711","5,1204","","0,14%"
"14.05.2024","5,1299","5,1511","5,1614","5,1234","","-0,41%"
"13.05.2024","5,1511","5,1588","5,1649","5,1230","","-0,14%"
"10.05.2024","5,1584","5,1424","5,1614","5,1165","","0,33%"
"09.05.2024","5,1412","5,0914","5,1775","5,0875","","0,99%"
"08.05.2024","5,0909","5,0712","5,1083","5,0688","","0,40%"
"07.05.2024","5,0707","5,0770","5,0847","5,0484","","-0,10%"
"06.05.2024","5,0758","5,0725","5,0917","5,0602","","0,07%"
"03.05.2024","5,0722","5,1110","5,1164","5,0437","","-0,76%"
"02.05.2024","5,1113","5,1940","5,1940","5,0995","","-1,58%"
"01.05.2024","5,1936","5,1940","5,1999","5,1929","","0,00%"
"30.04.2024","5,1934","5,1190","5,1975","5,1133","","1,46%"
"29.04.2024","5,1189","5,1170","5,1227","5,1020","","0,07%"
"26.04.2024","5,1151","5,1615","5,1673","5,1085","","-0,87%"
"25.04.2024","5,1602","5,1472","5,1935","5,1099","","0,28%"
"24.04.2024","5,1457","5,1263","5,1720","5,1238","","0,38%"
"23.04.2024","5,1260","5,1674","5,1894","5,1182","","-0,81%"
"22.04.2024","5,1680","5,2021","5,2189","5,1633","","-0,67%"
"19.04.2024","5,2027","5,2485","5,2778","5,1849","","-0,87%"
"18.04.2024","5,2482","5,2421","5,2789","5,2284","","0,12%"
"17.04.2024","5,2420","5,2829","5,2916","5,2194","","-0,77%"
"16.04.2024","5,2826","5,1851","5,2873","5,1817","","1,89%"
"15.04.2024","5,1846","5,1149","5,2153","5,1031","","1,31%"
"12.04.2024","5,1175","5,0922","5,1487","5,0890","","0,51%"
"11.04.2024","5,0917","5,0735","5,0931","5,0580","","0,34%"
"10.04.2024","5,0746","5,0092","5,0863","4,9970","","1,31%"
"09.04.2024","5,0090","5,0281","5,0310","4,9995","","-0,35%"
"08.04.2024","5,0268","5,0665","5,0759","5,0247","","-0,76%"
"05.04.2024","5,0655","5,0549","5,0746","5,0280","","0,23%"
"04.04.2024","5,0538","5,0392","5,0574","5,0043","","0,29%"
"03.04.2024","5,0393","5,0584","5,0921","5,0349","","-0,36%"
"02.04.2024","5,0576","5,0551","5,0631","5,0216","","0,07%"
"01.04.2024","5,0543","5,0147","5,0708","5,0093","","0,78%"
"29.03.2024","5,0153","5,0155","5,0163","5,0139","","0,05%"
"28.03.2024","5,0129","4,9871","5,0184","4,9788","","0,53%"
"27.03.2024","4,9866","4,9816","4,9942","4,9716","","0,12%"
"26.03.2024","4,9808","4,9752","4,9942","4,9651","","0,11%"
"25.03.2024","4,9751","5,0023","5,0065","4,9718","","-0,49%"
"22.03.2024","4,9997","4,9781","5,0099","4,9739","","0,43%"
"21.03.2024","4,9781","4,9688","4,9865","4,9504","","0,18%"
"20.03.2024","4,9691","5,0313","5,0354","4,9649","","-1,21%"
"19.03.2024","5,0301","5,0261","5,0557","5,0100","","0,10%"
"18.03.2024","5,0253","4,9960","5,0324","4,9834","","0,61%"
"15.03.2024","4,9949","4,9897","5,0022","4,9812","","0,11%"
"14.03.2024","4,9895","4,9705","4,9945","4,9530","","0,39%"
"13.03.2024","4,9700","4,9720","4,9887","4,9621","","-0,04%"
"12.03.2024","4,9718","4,9780","4,9957","4,9581","","-0,11%"
"11.03.2024","4,9771","4,9835","5,0004","4,9598","","-0,07%"
"08.03.2024","4,9806","4,9345","4,9923","4,9341","","0,92%"
"07.03.2024","4,9350","4,9451","4,9473","4,9311","","-0,19%"
"06.03.2024","4,9446","4,9586","4,9611","4,9328","","-0,27%"
"05.03.2024","4,9581","4,9471","4,9622","4,9398","","0,25%"
"04.03.2024","4,9458","4,9545","4,9588","4,9404","","-0,17%"
"01.03.2024","4,9541","4,9708","4,9750","4,9458","","-0,35%"
"29.02.2024","4,9716","4,9689","4,9993","4,9619","","0,08%"
"28.02.2024","4,9675","4,9338","4,9764","4,9316","","0,69%"
"27.02.2024","4,9335","4,9802","4,9839","4,9281","","-0,93%"
"26.02.2024","4,9799","4,9943","4,9963","4,9703","","-0,30%"
"23.02.2024","4,9951","4,9610","4,9978","4,9595","","0,70%"
"22.02.2024","4,9605","4,9382","4,9659","4,9186","","0,50%"
"21.02.2024","4,9358","4,9278","4,9468","4,9194","","0,17%"
"20.02.2024","4,9275","4,9570","4,9654","4,9246","","-0,58%"
"19.02.2024","4,9564","4,9686","4,9713","4,9514","","-0,20%"
"16.02.2024","4,9665","4,9737","4,9894","4,9594","","-0,13%"
"15.02.2024","4,9732","4,9740","4,9833","4,9564","","0,08%"
"14.02.2024","4,9690","4,9537","4,9797","4,9535","","0,31%"
"13.02.2024","4,9536","4,9537","4,9570","4,9520","","0,00%"
"12.02.2024","4,9536","4,9537","4,9570","4,9535","","0,04%"
"09.02.2024","4,9517","4,9903","4,9918","4,9497","","-0,81%"
"08.02.2024","4,9920","4,9717","5,0017","4,9676","","0,47%"
"07.02.2024","4,9685","4,9600","4,9749","4,9525","","0,10%"
"06.02.2024","4,9634","4,9879","4,9891","4,9508","","-0,44%"
"05.02.2024","4,9854","4,9663","5,0184","4,9661","","0,31%"
"02.02.2024","4,9699","4,9167","4,9764","4,9072","","1,09%"
"01.02.2024","4,9163","4,9496","4,9697","4,9100","","-0,73%"
"31.01.2024","4,9526","4,9501","4,9668","4,9250","","0,02%"
"30.01.2024","4,9516","4,9433","4,9819","4,9332","","0,00%"
"29.01.2024","4,9518","4,9175","4,9585","4,9056","","0,71%"
"26.01.2024","4,9168","4,9063","4,9210","4,9018","","0,01%"
"25.01.2024","4,9165","4,9306","4,9418","4,9066","","-0,34%"
"24.01.2024","4,9335","4,9525","4,9538","4,9075","","-0,40%"
"23.01.2024","4,9535","4,9885","5,0023","4,9479","","-0,72%"
"22.01.2024","4,9892","4,9338","4,9932","4,9230","","1,18%"
"19.01.2024","4,9310","4,9299","4,9396","4,9020","","0,08%"
"18.01.2024","4,9269","4,9349","4,9561","4,9127","","-0,16%"
"17.01.2024","4,9349","4,9299","4,9547","4,9224","","0,18%"
"16.01.2024","4,9258","4,8615","4,9338","4,8614","","1,30%"
"15.01.2024","4,8628","4,8566","4,8868","4,8427","","0,18%"
"12.01.2024","4,8539","4,8712","4,8787","4,8309","","-0,33%"
"11.01.2024","4,8700","4,8930","4,8951","4,8580","","-0,43%"
"10.01.2024","4,8909","4,9072","4,9072","4,8776","","-0,26%"
"09.01.2024","4,9038","4,8737","4,9098","4,8703","","0,69%"
"08.01.2024","4,8700","4,8781","4,9014","4,8630","","-0,09%"
"05.01.2024","4,8743","4,9089","4,9407","4,8597","","-0,46%"
"04.01.2024","4,8968","4,9181","4,9366","4,8953","","-0,47%"
"03.01.2024","4,9198","4,9174","4,9397","4,8991","","-0,08%"
"02.01.2024","4,9235","4,8533","4,9240","4,8489","","1,46%"
"01.01.2024","4,8526","4,8534","4,8534","4,8534","","0,01%"
"28.12.2023","4,8521","4,8323","4,8714","4,8175","","0,53%"
"27.12.2023","4,8267","4,8107","4,8408","4,8018","","0,26%"
"26.12.2023","4,8140","4,8513","4,8614","4,8135","","-0,92%"
"22.12.2023","4,8585","4,8865","4,8908","4,8481","","-0,53%"
"21.12.2023","4,8844","4,9146","4,9146","4,8633","","-0,65%"
"20.12.2023","4,9163","4,8642","4,9193","4,8566","","1,00%"
"19.12.2023","4,8675","4,9027","4,9038","4,8505","","-0,60%"
"18.12.2023","4,8967","4,9414","4,9520","4,8903","","-0,82%"
"15.12.2023","4,9371","4,9121","4,9517","4,9040","","0,44%"
"14.12.2023","4,9155","4,8755","4,9180","4,8749","","-0,09%"
"13.12.2023","4,9197","4,9663","4,9773","4,9145","","-0,87%"
"12.12.2023","4,9631","4,9335","4,9740","4,9220","","0,50%"
"11.12.2023","4,9386","4,9268","4,9601","4,9260","","0,14%"
"08.12.2023","4,9317","4,9083","4,9368","4,8941","","0,41%"
"07.12.2023","4,9115","4,9026","4,9152","4,8790","","0,19%"
"06.12.2023","4,9022","4,9302","4,9310","4,8883","","-0,58%"
"05.12.2023","4,9306","4,9449","4,9680","4,9228","","-0,25%"
"04.12.2023","4,9432","4,8780","4,9539","4,8780","","1,29%"
"01.12.2023","4,8801","4,9265","4,9378","4,8675","","-0,82%"
"30.11.2023","4,9205","4,9060","4,9459","4,9050","","0,36%"
"29.11.2023","4,9029","4,8711","4,9077","4,8639","","0,67%"
"28.11.2023","4,8705","4,9050","4,9099","4,8575","","-0,53%"
"27.11.2023","4,8964","4,9060","4,9222","4,8718","","-0,11%"
"24.11.2023","4,9020","4,9076","4,9089","4,8826","","-0,04%"
"23.11.2023","4,9039","4,9074","4,9093","4,8861","","-0,06%"
"22.11.2023","4,9068","4,9050","4,9205","4,8775","","0,13%"
"21.11.2023","4,9006","4,8576","4,9093","4,8425","","0,95%"
"20.11.2023","4,8543","4,9025","4,9064","4,8464","","-1,05%"
"17.11.2023","4,9059","4,8636","4,9127","4,8509","","0,88%"
"16.11.2023","4,8632","4,8625","4,8876","4,8363","","0,02%"
"15.11.2023","4,8620","4,8625","4,8630","4,8610","","-0,07%"
"14.11.2023","4,8654","4,9079","4,9092","4,8472","","-0,86%"
"13.11.2023","4,9075","4,9009","4,9427","4,9008","","0,13%"
"10.11.2023","4,9013","4,9341","4,9549","4,9018","","-0,67%"
"09.11.2023","4,9342","4,9063","4,9476","4,8916","","0,49%"
"08.11.2023","4,9103","4,8736","4,9175","4,8706","","0,78%"
"07.11.2023","4,8724","4,8815","4,9080","4,8585","","-0,26%"
"06.11.2023","4,8853","4,9031","4,9120","4,8813","","-0,32%"
"03.11.2023","4,9012","4,9555","4,9555","4,8753","","-1,05%"
"01.11.2023","4,9534","5,0357","5,0457","4,9509","","-1,62%"
"31.10.2023","5,0350","5,0475","5,0717","5,0085","","-0,24%"
"30.10.2023","5,0472","5,0143","5,0602","4,9717","","0,64%"
"27.10.2023","5,0152","4,9868","5,0202","4,9306","","0,58%"
"26.10.2023","4,9861","4,9963","5,0196","4,9861","","-0,17%"
"25.10.2023","4,9947","4,9928","5,0201","4,9853","","0,08%"
"24.10.2023","4,9908","5,0142","5,0312","4,9892","","-0,41%"
"23.10.2023","5,0112","5,0328","5,0545","4,9953","","-0,40%"
"20.10.2023","5,0312","5,0648","5,0990","5,0246","","-0,66%"
"19.10.2023","5,0646","5,0598","5,0838","5,0188","","0,11%"
"18.10.2023","5,0591","5,0415","5,0762","5,0278","","0,35%"
"17.10.2023","5,0414","5,0390","5,0659","5,0093","","0,07%"
"16.10.2023","5,0377","5,0532","5,0725","5,0315","","-0,83%"
"13.10.2023","5,0801","5,0504","5,1031","5,0448","","0,68%"
"12.10.2023","5,0460","5,0501","5,0501","5,0449","","-0,05%"
"11.10.2023","5,0483","5,0518","5,0714","5,0280","","-0,07%"
"10.10.2023","5,0516","5,1353","5,1400","5,0471","","-1,63%"
"09.10.2023","5,1355","5,1615","5,1820","5,1210","","-0,20%"
"06.10.2023","5,1457","5,1668","5,2210","5,1424","","-0,39%"
"05.10.2023","5,1658","5,1550","5,1884","5,1494","","0,19%"
"04.10.2023","5,1562","5,1673","5,1789","5,1231","","-0,21%"
"03.10.2023","5,1669","5,0637","5,1739","5,0637","","2,09%"
"02.10.2023","5,0610","5,0308","5,0810","5,0308","","0,58%"
"29.09.2023","5,0320","5,0335","5,0406","4,9876","","-0,02%"
"28.09.2023","5,0331","5,0436","5,0702","5,0140","","-0,19%"
"27.09.2023","5,0425","4,9911","5,0800","4,9864","","1,06%"
"26.09.2023","4,9898","4,9684","4,9942","4,9519","","0,44%"
"25.09.2023","4,9678","4,9320","4,9759","4,9320","","0,66%"
"22.09.2023","4,9351","4,9367","4,9381","4,9033","","0,00%"
"21.09.2023","4,9351","4,8802","4,9396","4,8795","","1,13%"
"20.09.2023","4,8801","4,8670","4,8840","4,8422","","0,26%"
"19.09.2023","4,8673","4,8553","4,8761","4,8390","","0,24%"
"18.09.2023","4,8556","4,8685","4,8784","4,8408","","-0,22%"
"15.09.2023","4,8663","4,8682","4,8802","4,8584","","-0,01%"
"14.09.2023","4,8668","4,9167","4,9214","4,8620","","-0,99%"
"13.09.2023","4,9153","4,9474","4,9683","4,8945","","-0,64%"
"12.09.2023","4,9470","4,9307","4,9690","4,9307","","0,33%"
"11.09.2023","4,9307","4,9845","4,9867","4,9202","","-1,15%"
"08.09.2023","4,9882","4,9787","4,9949","4,9636","","0,23%"
"07.09.2023","4,9767","4,9787","4,9787","4,9773","","-0,03%"
"06.09.2023","4,9784","4,9680","4,9953","4,9536","","0,23%"
"05.09.2023","4,9671","4,9376","4,9866","4,9376","","0,60%"
"04.09.2023","4,9376","4,9485","4,9490","4,9069","","-0,18%"
"01.09.2023","4,9463","4,9555","4,9558","4,8997","","-0,16%"
"31.08.2023","4,9544","4,8876","4,9613","4,8639","","1,34%"
"30.08.2023","4,8890","4,8536","4,8924","4,8424","","0,76%"
"29.08.2023","4,8523","4,8753","4,9027","4,8481","","-0,43%"
"28.08.2023","4,8731","4,8719","4,9121","4,8630","","0,04%"
"25.08.2023","4,8711","4,8816","4,9014","4,8560","","-0,19%"
"24.08.2023","4,8802","4,8576","4,8880","4,8545","","0,47%"
"23.08.2023","4,8572","4,9367","4,9433","4,8457","","-1,65%"
"22.08.2023","4,9386","4,9802","4,9805","4,9251","","-0,82%"
"21.08.2023","4,9793","4,9684","4,9967","4,9563","","0,20%"
"18.08.2023","4,9694","4,9760","5,0024","4,9567","","-0,13%"
"17.08.2023","4,9758","4,9883","4,9970","4,9583","","-0,24%"
"16.08.2023","4,9879","4,9859","4,9931","4,9502","","0,07%"
"15.08.2023","4,9845","4,9636","4,9983","4,9588","","0,46%"
"14.08.2023","4,9615","4,9126","4,9716","4,9102","","1,16%"
"11.08.2023","4,9048","4,8930","4,9104","4,8608","","0,25%"
"10.08.2023","4,8924","4,9029","4,9057","4,8400","","-0,20%"
"09.08.2023","4,9020","4,9009","4,9166","4,8738","","0,05%"
"08.08.2023","4,8996","4,8985","4,9418","4,8895","","-0,01%"
"07.08.2023","4,8999","4,8735","4,9152","4,8681","","0,55%"
"04.08.2023","4,8733","4,9185","4,9201","4,8453","","-0,89%"
"03.08.2023","4,9170","4,8126","4,9224","4,8123","","2,18%"
"02.08.2023","4,8120","4,7935","4,8225","4,7807","","0,44%"
"01.08.2023","4,7911","4,7295","4,8008","4,7280","","1,42%"
"31.07.2023","4,7241","4,7304","4,7607","4,7130","","-0,20%"
"28.07.2023","4,7336","4,7435","4,7500","4,6950","","-0,19%"
"27.07.2023","4,7424","4,7380","4,7596","4,7081","","0,13%"
"26.07.2023","4,7364","4,7508","4,7561","4,7220","","-0,28%"
"25.07.2023","4,7498","4,7274","4,7604","4,7159","","0,48%"
"24.07.2023","4,7271","4,7797","4,7840","4,7229","","-1,10%"
"21.07.2023","4,7795","4,8012","4,8257","4,7597","","-0,39%"
"20.07.2023","4,7980","4,7920","4,8123","4,7681","","0,15%"
"19.07.2023","4,7909","4,8108","4,8224","4,7790","","-0,41%"
"18.07.2023","4,8105","4,8067","4,8281","4,7943","","0,08%"
"17.07.2023","4,8066","4,7896","4,8507","4,7896","","0,36%"
"14.07.2023","4,7894","4,7965","4,8154","4,7757","","-0,16%"
"13.07.2023","4,7971","4,8201","4,8273","4,7858","","-0,44%"
"12.07.2023","4,8184","4,8532","4,8616","4,7832","","-0,73%"
"11.07.2023","4,8538","4,8985","4,9235","4,8520","","-0,90%"
"10.07.2023","4,8978","4,8696","4,9038","4,8535","","0,53%"
"07.07.2023","4,8720","4,9195","4,9360","4,8474","","-0,96%"
"06.07.2023","4,9193","4,8460","4,9507","4,8412","","1,47%"
"05.07.2023","4,8478","4,8413","4,8710","4,8348","","0,14%"
"04.07.2023","4,8408","4,8079","4,8500","4,7828","","0,69%"
"03.07.2023","4,8077","4,7885","4,8124","4,7592","","0,45%"
"30.06.2023","4,7860","4,8559","4,8709","4,7828","","-1,43%"
"29.06.2023","4,8553","4,8516","4,8750","4,8283","","0,10%"
"28.06.2023","4,8506","4,8121","4,8717","4,8097","","0,84%"
"27.06.2023","4,8103","4,7650","4,8148","4,7505","","0,90%"
"26.06.2023","4,7675","4,7838","4,7870","4,7579","","-0,39%"
"23.06.2023","4,7864","4,7719","4,8073","4,7653","","0,37%"
"22.06.2023","4,7689","4,7648","4,7884","4,7507","","0,12%"
"21.06.2023","4,7630","4,7907","4,8170","4,7624","","-0,57%"
"20.06.2023","4,7902","4,7780","4,8086","4,7734","","0,27%"
"19.06.2023","4,7772","4,8202","4,8320","4,7587","","-0,89%"
"16.06.2023","4,8199","4,8112","4,8506","4,8060","","0,20%"
"15.06.2023","4,8102","4,8144","4,8446","4,7949","","-0,09%"
"14.06.2023","4,8146","4,8627","4,8678","4,7962","","-0,98%"
"13.06.2023","4,8622","4,8622","4,8799","4,8475","","0,02%"
"12.06.2023","4,8613","4,8794","4,9007","4,8611","","-0,36%"
"09.06.2023","4,8791","4,9208","4,9276","4,8524","","-0,90%"
"07.06.2023","4,9235","4,9134","4,9325","4,8995","","0,22%"
"06.06.2023","4,9125","4,9292","4,9564","4,9004","","-0,33%"
"05.06.2023","4,9289","4,9581","4,9765","4,9121","","-0,57%"
"02.06.2023","4,9571","5,0148","5,0152","4,9453","","-1,13%"
"01.06.2023","5,0140","5,0553","5,0588","5,0044","","-0,86%"
"31.05.2023","5,0574","5,0365","5,1279","5,0365","","0,43%"
"30.05.2023","5,0357","5,0174","5,0700","4,9990","","0,37%"
"29.05.2023","5,0171","4,9942","5,0209","4,9736","","0,46%"
"26.05.2023","4,9939","5,0375","5,0375","4,9774","","-0,83%"
"25.05.2023","5,0356","4,9618","5,0448","4,9422","","1,49%"
"24.05.2023","4,9619","4,9717","4,9767","4,9349","","-0,19%"
"23.05.2023","4,9714","4,9665","4,9952","4,9503","","0,09%"
"22.05.2023","4,9667","4,9983","5,0063","4,9528","","-0,63%"
"19.05.2023","4,9981","4,9668","5,0033","4,9433","","0,66%"
"18.05.2023","4,9652","4,9401","4,9818","4,9391","","0,52%"
"17.05.2023","4,9396","4,9411","4,9714","4,9226","","-0,01%"
"16.05.2023","4,9402","4,8893","4,9542","4,8847","","1,02%"
"15.05.2023","4,8904","4,9196","4,9335","4,8853","","-0,59%"
"12.05.2023","4,9195","4,9308","4,9567","4,9079","","-0,20%"
"11.05.2023","4,9295","4,9443","4,9847","4,9254","","-0,26%"
"10.05.2023","4,9424","4,9882","4,9914","4,9345","","-0,88%"
"09.05.2023","4,9862","5,0097","5,0374","4,9728","","-0,47%"
"08.05.2023","5,0097","4,9531","5,0186","4,9410","","1,17%"
"05.05.2023","4,9518","4,9847","5,0080","4,9250","","-0,61%"
"04.05.2023","4,9822","4,9959","5,0346","4,9694","","-0,25%"
"03.05.2023","4,9949","5,0398","5,0524","4,9812","","-0,87%"
"02.05.2023","5,0387","4,9893","5,0535","4,9889","","1,00%"
"01.05.2023","4,9889","4,9875","4,9895","4,9875","","0,05%"
"28.04.2023","4,9865","4,9776","5,0200","4,9776","","0,19%"
"27.04.2023","4,9771","5,0445","5,0490","4,9693","","-1,32%"
"26.04.2023","5,0435","5,0542","5,0746","5,0353","","-0,12%"
"25.04.2023","5,0497","5,0348","5,0845","5,0294","","0,32%"
"24.04.2023","5,0337","5,0481","5,0863","5,0339","","-0,30%"
"21.04.2023","5,0486","5,0493","5,0493","5,0489","","0,00%"
"20.04.2023","5,0486","5,0759","5,0864","5,0360","","-0,53%"
"19.04.2023","5,0753","4,9859","5,0895","4,9859","","1,83%"
"18.04.2023","4,9840","4,9415","4,9974","4,9097","","0,86%"
"17.04.2023","4,9413","4,9102","4,9573","4,8988","","0,65%"
"14.04.2023","4,9096","4,9279","4,9653","4,8922","","-0,36%"
"13.04.2023","4,9272","4,9190","4,9405","4,8927","","0,19%"
"12.04.2023","4,9181","5,0077","5,0108","4,9155","","-1,74%"
"11.04.2023","5,0054","5,0667","5,0675","4,9886","","-1,19%"
"10.04.2023","5,0655","5,0559","5,0938","5,0368","","0,21%"
"07.04.2023","5,0549","5,0599","5,0599","5,0559","","-0,04%"
"06.04.2023","5,0570","5,0345","5,0837","5,0342","","0,46%"
"05.04.2023","5,0340","5,0724","5,0778","5,0163","","-0,74%"
"04.04.2023","5,0716","5,0643","5,1002","5,0493","","0,17%"
"03.04.2023","5,0632","5,0637","5,0834","5,0382","","0,00%"
"31.03.2023","5,0631","5,0947","5,1094","5,0547","","-0,60%"
"30.03.2023","5,0938","5,1367","5,1610","5,0723","","-0,81%"
"29.03.2023","5,1356","5,1660","5,1846","5,1262","","-0,58%"
"28.03.2023","5,1655","5,1986","5,1993","5,1477","","-0,63%"
"27.03.2023","5,1983","5,2466","5,2509","5,1926","","-0,91%"
"24.03.2023","5,2463","5,2976","5,3421","5,2380","","-0,96%"
"23.03.2023","5,2973","5,2372","5,3016","5,2024","","1,15%"
"22.03.2023","5,2369","5,2438","5,2800","5,2042","","-0,12%"
"21.03.2023","5,2430","5,2371","5,2549","5,2130","","0,12%"
"20.03.2023","5,2368","5,2756","5,2853","5,2295","","-0,78%"
"17.03.2023","5,2778","5,2297","5,2855","5,2294","","0,94%"
"16.03.2023","5,2285","5,2884","5,3117","5,2221","","-1,13%"
"15.03.2023","5,2882","5,2539","5,3289","5,2505","","0,65%"
"14.03.2023","5,2543","5,2472","5,2629","5,2208","","0,16%"
"13.03.2023","5,2459","5,2171","5,2835","5,2106","","0,56%"
"10.03.2023","5,2166","5,1650","5,2216","5,1509","","1,01%"
"09.03.2023","5,1645","5,1458","5,1706","5,1093","","0,37%"
"08.03.2023","5,1453","5,1913","5,1913","5,1003","","-0,88%"
"07.03.2023","5,1910","5,1539","5,2059","5,1522","","0,73%"
"06.03.2023","5,1534","5,1990","5,2179","5,1516","","-0,81%"
"03.03.2023","5,1956","5,2011","5,2302","5,1820","","-0,10%"
"02.03.2023","5,2006","5,1796","5,2288","5,1795","","0,41%"
"01.03.2023","5,1794","5,2369","5,2369","5,1747","","-1,09%"
"28.02.2023","5,2367","5,2013","5,2519","5,1788","","0,69%"
"27.02.2023","5,2008","5,2071","5,2134","5,1706","","-0,18%"
"24.02.2023","5,2100","5,1378","5,2144","5,1350","","1,42%"
"23.02.2023","5,1373","5,1527","5,1758","5,1093","","-0,29%"
"22.02.2023","5,1522","5,1680","5,2133","5,1515","","-0,30%"
"21.02.2023","5,1675","5,1679","5,1680","5,1655","","0,00%"
"20.02.2023","5,1674","5,1679","5,1679","5,1679","","0,00%"
"17.02.2023","5,1674","5,2181","5,2538","5,1496","","-0,97%"
"16.02.2023","5,2178","5,2195","5,2603","5,1961","","-0,02%"
"15.02.2023","5,2190","5,1927","5,2406","5,1897","","0,51%"
"14.02.2023","5,1923","5,1600","5,2292","5,1281","","0,63%"
"13.02.2023","5,1596","5,2156","5,2278","5,1570","","-1,06%"
"10.02.2023","5,2151","5,2916","5,3092","5,2091","","-1,44%"
"09.02.2023","5,2911","5,2012","5,2934","5,1721","","1,74%"
"08.02.2023","5,2007","5,2106","5,2459","5,1659","","-0,18%"
"07.02.2023","5,2101","5,1481","5,2184","5,1326","","1,24%"
"06.02.2023","5,1464","5,1525","5,2138","5,1407","","-0,11%"
"03.02.2023","5,1522","5,0509","5,1589","5,0509","","2,02%"
"02.02.2023","5,0504","5,0552","5,0557","4,9401","","-0,09%"
"01.02.2023","5,0547","5,0736","5,1130","5,0426","","-0,36%"
"31.01.2023","5,0731","5,1167","5,1418","5,0703","","-0,84%"
"30.01.2023","5,1162","5,1065","5,1339","5,0827","","0,14%"
"27.01.2023","5,1089","5,0663","5,1174","5,0560","","0,85%"
"26.01.2023","5,0658","5,0736","5,1200","5,0585","","-0,15%"
"25.01.2023","5,0734","5,1397","5,1500","5,0679","","-1,28%"
"24.01.2023","5,1392","5,2080","5,2207","5,1344","102,09K","-1,31%"
"23.01.2023","5,2076","5,2079","5,2207","5,1634","130,45K","0,00%"
"20.01.2023","5,2074","5,1746","5,2400","5,1639","115,59K","0,64%"
"19.01.2023","5,1741","5,1868","5,2562","5,1631","156,95K","-0,24%"
"18.01.2023","5,1863","5,1007","5,1901","5,0655","162,32K","1,69%"
"17.01.2023","5,1003","5,1512","5,1589","5,0957","127,44K","-0,92%"
"16.01.2023","5,1474","5,0957","5,1624","5,0922","92,57K","1,02%"
"13.01.2023","5,0956","5,1087","5,1554","5,0776","112,52K","-0,25%"
"12.01.2023","5,1082","5,1603","5,1858","5,0684","189,34K","-1,00%"
"11.01.2023","5,1600","5,2000","5,2345","5,1592","144,40K","-0,76%"
"10.01.2023","5,1997","5,2580","5,2768","5,1974","133,59K","-1,04%"
"09.01.2023","5,2546","5,2259","5,3094","5,2259","136,99K","0,56%"
"06.01.2023","5,2254","5,3514","5,3697","5,2186","154,80K","-2,35%"
"05.01.2023","5,3509","5,4315","5,4315","5,3478","148,32K","-1,48%"
"04.01.2023","5,4312","5,4799","5,4799","5,4248","175,09K","-0,89%"
"03.01.2023","5,4797","5,3638","5,4802","5,3396","188,23K","2,17%"
"02.01.2023","5,3633","5,2865","5,3671","5,2861","84,04K","1,46%"
"29.12.2022","5,2860","5,2681","5,3049","5,1895","122,63K","0,35%"
"28.12.2022","5,2676","5,2967","5,2967","5,2260","110,39K","-0,48%"
"27.12.2022","5,2928","5,2189","5,3028","5,1940","120,92K","1,42%"
"26.12.2022","5,2186","5,1669","5,2210","5,1545","69,65K","1,03%"
"23.12.2022","5,1652","5,1670","5,1789","5,1160","164,08K","-0,03%"
"22.12.2022","5,1665","5,2013","5,2243","5,1585","165,20K","-0,66%"
"21.12.2022","5,2009","5,2001","5,2207","5,1586","156,47K","0,02%"
"20.12.2022","5,1996","5,2934","5,3257","5,1757","180,61K","-1,76%"
"19.12.2022","5,2930","5,3145","5,3404","5,2888","145,13K","-0,40%"
"16.12.2022","5,3140","5,3133","5,3326","5,2620","129,90K","0,02%"
"15.12.2022","5,3130","5,2792","5,3481","5,2792","176,83K","0,65%"
"14.12.2022","5,2787","5,2941","5,3730","5,2734","176,05K","-0,29%"
"13.12.2022","5,2938","5,3231","5,3358","5,2418","174,06K","-0,54%"
"12.12.2022","5,3226","5,2404","5,3520","5,2309","143,26K","1,58%"
"09.12.2022","5,2400","5,2258","5,2840","5,2161","140,59K","0,28%"
"08.12.2022","5,2253","5,2053","5,2530","5,1905","164,06K","0,39%"
"07.12.2022","5,2048","5,2357","5,2782","5,1841","158,34K","-0,58%"
"06.12.2022","5,2352","5,2811","5,2811","5,2183","161,57K","-0,87%"
"05.12.2022","5,2809","5,2170","5,2916","5,2060","134,13K","1,19%"
"02.12.2022","5,2189","5,1852","5,2410","5,1616","160,05K","0,66%"
"01.12.2022","5,1848","5,1856","5,2175","5,1628","183,46K","-0,01%"
"30.11.2022","5,1851","5,2700","5,3189","5,1733","158,63K","-1,60%"
"29.11.2022","5,2695","5,3658","5,3658","5,2698","127,67K","-1,79%"
"28.11.2022","5,3654","5,4080","5,4307","5,3478","121,90K","-0,82%"
"25.11.2022","5,4098","5,3213","5,4251","5,3040","158,13K","1,67%"
"24.11.2022","5,3208","5,3596","5,3596","5,2991","113,29K","-0,71%"
"23.11.2022","5,3591","5,3591","5,4127","5,3440","151,68K","0,01%"
"22.11.2022","5,3586","5,3203","5,4005","5,2794","174,86K","0,73%"
"21.11.2022","5,3200","5,3832","5,3836","5,2976","177,13K","-1,16%"
"18.11.2022","5,3827","5,4236","5,4236","5,3253","156,99K","-0,74%"
"17.11.2022","5,4231","5,4003","5,5307","5,3866","167,68K","0,43%"
"16.11.2022","5,3998","5,3330","5,4057","5,2868","146,98K","1,26%"
"15.11.2022","5,3325","5,3333","5,3333","5,3328","0,01K","0,01%"
"14.11.2022","5,3321","5,3253","5,3527","5,2589","164,62K","0,13%"
"11.11.2022","5,3250","5,3454","5,4066","5,2484","179,78K","-0,37%"
"10.11.2022","5,3449","5,1869","5,4155","5,1869","244,22K","3,06%"
"09.11.2022","5,1864","5,1444","5,2014","5,1364","186,74K","0,82%"
"08.11.2022","5,1440","5,1572","5,2488","5,1298","181,41K","-0,25%"
"07.11.2022","5,1567","5,0571","5,1757","5,0461","158,14K","2,00%"
"04.11.2022","5,0557","5,1170","5,1170","5,0184","180,05K","-1,13%"
"03.11.2022","5,1137","5,1437","5,2244","5,0830","203,31K","-0,57%"
"02.11.2022","5,1432","5,1475","5,1480","5,1437","","-0,08%"
"01.11.2022","5,1475","5,1803","5,2069","5,0830","208,66K","-0,61%"
"31.10.2022","5,1791","5,2962","5,4083","5,1531","180,03K","-2,19%"
"28.10.2022","5,2949","5,3451","5,3832","5,2800","202,54K","-0,94%"
"27.10.2022","5,3449","5,3807","5,3927","5,2406","186,52K","-0,66%"
"26.10.2022","5,3804","5,3166","5,3879","5,2797","183,45K","1,20%"
"25.10.2022","5,3167","5,3037","5,3581","5,2757","180,71K","0,25%"
"24.10.2022","5,3032","5,1649","5,3101","5,1648","177,34K","2,77%"
"21.10.2022","5,1605","5,2180","5,2773","5,1404","216,51K","-1,04%"
"20.10.2022","5,2147","5,2707","5,2716","5,1922","189,24K","-1,05%"
"19.10.2022","5,2700","5,2414","5,2998","5,2411","182,98K","0,56%"
"18.10.2022","5,2405","5,2833","5,2993","5,2336","176,73K","-0,76%"
"17.10.2022","5,2808","5,3288","5,3307","5,2531","132,52K","-0,83%"
"14.10.2022","5,3252","5,2629","5,3347","5,2407","164,83K","1,19%"
"13.10.2022","5,2626","5,2725","5,3817","5,2288","169,10K","-0,57%"
"12.10.2022","5,2930","5,3034","5,3034","5,2932","8,27K","-0,14%"
"11.10.2022","5,3005","5,1899","5,3057","5,1770","174,89K","2,13%"
"10.10.2022","5,1901","5,1999","5,2174","5,1625","137,86K","-0,18%"
"07.10.2022","5,1996","5,2215","5,2533","5,1937","172,97K","-0,42%"
"06.10.2022","5,2217","5,1959","5,2333","5,1723","182,70K","0,53%"
"05.10.2022","5,1940","5,1779","5,2442","5,1593","177,29K","0,33%"
"04.10.2022","5,1770","5,1650","5,2218","5,1083","167,00K","0,19%"
"03.10.2022","5,1672","5,4158","5,4158","5,1526","162,97K","-4,58%"
"30.09.2022","5,4154","5,4013","5,4278","5,3282","191,95K","0,35%"
"29.09.2022","5,3964","5,3765","5,4300","5,3730","226,00K","0,41%"
"28.09.2022","5,3745","5,3814","5,4236","5,3226","215,45K","-0,15%"
"27.09.2022","5,3824","5,3910","5,3954","5,2963","240,28K","-0,14%"
"26.09.2022","5,3898","5,2603","5,4174","5,2603","198,86K","2,48%"
"23.09.2022","5,2595","5,1173","5,2693","5,1164","188,07K","2,79%"
"22.09.2022","5,1166","5,1728","5,1859","5,1055","194,13K","-1,06%"
"21.09.2022","5,1716","5,1430","5,1940","5,1188","195,92K","0,58%"
"20.09.2022","5,1417","5,1705","5,2240","5,1406","162,36K","-0,49%"
"19.09.2022","5,1670","5,2544","5,3029","5,1420","126,67K","-1,64%"
"16.09.2022","5,2531","5,2462","5,3105","5,2462","169,32K","0,12%"
"15.09.2022","5,2470","5,1644","5,2502","5,1641","135,04K","1,63%"
"14.09.2022","5,1631","5,1922","5,1986","5,1495","136,73K","-0,54%"
"13.09.2022","5,1911","5,0918","5,2092","5,0766","177,68K","1,93%"
"12.09.2022","5,0930","5,1477","5,1477","5,0834","126,68K","-1,03%"
"09.09.2022","5,1462","5,2143","5,2146","5,1378","151,12K","-1,30%"
"08.09.2022","5,2141","5,2483","5,2523","5,1783","195,76K","-0,65%"
"07.09.2022","5,2480","5,2507","5,2507","5,2483","34,56K","-0,09%"
"06.09.2022","5,2528","5,1547","5,2539","5,1532","134,86K","1,96%"
"05.09.2022","5,1516","5,1660","5,1905","5,1495","93,71K","-0,32%"
"02.09.2022","5,1681","5,2422","5,2422","5,1575","153,53K","-1,40%"
"01.09.2022","5,2416","5,1833","5,2577","5,1462","169,57K","1,13%"
"31.08.2022","5,1831","5,1229","5,2122","5,1229","158,17K","1,19%"
"30.08.2022","5,1223","5,0285","5,1259","5,0076","161,49K","1,87%"
"29.08.2022","5,0282","5,0608","5,0917","5,0100","119,96K","-0,63%"
"26.08.2022","5,0601","5,1102","5,1175","5,0540","165,72K","-0,97%"
"25.08.2022","5,1099","5,1114","5,1437","5,0852","132,30K","-0,03%"
"24.08.2022","5,1114","5,1050","5,1244","5,0802","128,42K","0,15%"
"23.08.2022","5,1037","5,1576","5,1579","5,0700","131,87K","-1,04%"
"22.08.2022","5,1574","5,1706","5,2046","5,1498","123,06K","-0,24%"
"19.08.2022","5,1697","5,1694","5,2199","5,1648","132,82K","0,04%"
"18.08.2022","5,1674","5,1655","5,2074","5,1283","149,11K","0,06%"
"17.08.2022","5,1642","5,1469","5,2144","5,1452","167,02K","0,36%"
"16.08.2022","5,1459","5,0987","5,1549","5,0965","148,45K","0,98%"
"15.08.2022","5,0961","5,0721","5,1409","5,0721","130,15K","0,45%"
"12.08.2022","5,0735","5,1592","5,1649","5,0640","154,88K","-1,64%"
"11.08.2022","5,1581","5,0945","5,1712","5,0605","166,77K","1,28%"
"10.08.2022","5,0927","5,1249","5,1421","5,0342","148,33K","-0,61%"
"09.08.2022","5,1237","5,1129","5,1522","5,0926","122,15K","0,23%"
"08.08.2022","5,1117","5,1638","5,1638","5,1023","130,57K","-1,02%"
"05.08.2022","5,1646","5,2145","5,2782","5,1553","160,22K","-0,99%"
"04.08.2022","5,2164","5,2844","5,2959","5,1986","165,48K","-1,23%"
"03.08.2022","5,2815","5,2796","5,3163","5,2430","139,46K","0,06%"
"02.08.2022","5,2784","5,1856","5,2850","5,1856","188,78K","1,82%"
"01.08.2022","5,1838","5,1759","5,2050","5,1269","165,25K","0,20%"
"29.07.2022","5,1734","5,1842","5,2221","5,1448","165,18K","-0,17%"
"28.07.2022","5,1823","5,2442","5,2740","5,1578","165,07K","-1,16%"
"27.07.2022","5,2432","5,3517","5,3526","5,2372","176,20K","-2,02%"
"26.07.2022","5,3511","5,3576","5,3931","5,3345","172,29K","-0,12%"
"25.07.2022","5,3576","5,4987","5,5010","5,3566","131,71K","-2,53%"
"22.07.2022","5,4968","5,4993","5,5047","5,4349","167,41K","0,00%"
"21.07.2022","5,4968","5,4720","5,5152","5,4289","160,55K","0,46%"
"20.07.2022","5,4714","5,4144","5,4729","5,3889","166,16K","1,07%"
"19.07.2022","5,4135","5,4381","5,4381","5,3646","156,26K","-0,44%"
"18.07.2022","5,4375","5,4092","5,4392","5,3517","144,65K","0,54%"
"15.07.2022","5,4082","5,4239","5,4492","5,3745","161,64K","-0,28%"
"14.07.2022","5,4233","5,3930","5,4906","5,3930","162,28K","0,59%"
"13.07.2022","5,3917","5,4377","5,4667","5,3609","158,35K","-0,83%"
"12.07.2022","5,4368","5,3786","5,4434","5,3695","160,72K","1,09%"
"11.07.2022","5,3782","5,2551","5,3864","5,2551","137,80K","2,37%"
"08.07.2022","5,2536","5,3399","5,3696","5,2501","139,05K","-1,60%"
"07.07.2022","5,3391","5,4299","5,4303","5,3296","126,03K","-1,65%"
"06.07.2022","5,4287","5,3870","5,4627","5,3870","171,59K","0,79%"
"05.07.2022","5,3861","5,3299","5,4043","5,3287","157,06K","1,07%"
"04.07.2022","5,3293","5,3307","5,3352","5,2871","90,87K","-0,03%"
"01.07.2022","5,3310","5,2569","5,3402","5,2527","163,64K","1,42%"
"30.06.2022","5,2562","5,1828","5,2715","5,1779","152,09K","1,44%"
"29.06.2022","5,1818","5,2680","5,2734","5,1754","172,12K","-1,63%"
"28.06.2022","5,2675","5,2387","5,2792","5,1876","170,34K","0,59%"
"27.06.2022","5,2366","5,2423","5,2755","5,2018","127,90K","-0,10%"
"24.06.2022","5,2417","5,2393","5,2763","5,2027","146,38K","0,02%"
"23.06.2022","5,2406","5,1944","5,2477","5,1659","165,48K","0,90%"
"22.06.2022","5,1940","5,1255","5,1962","5,1255","153,13K","1,33%"
"21.06.2022","5,1257","5,1905","5,1910","5,1167","159,30K","-1,20%"
"20.06.2022","5,1880","5,1534","5,1944","5,1361","111,14K","0,70%"
"17.06.2022","5,1518","5,0540","5,1561","5,0540","166,35K","1,95%"
"16.06.2022","5,0535","5,0538","5,0551","5,0538","","0,00%"
"15.06.2022","5,0536","5,1178","5,1350","5,0176","205,38K","-1,24%"
"14.06.2022","5,1168","5,1151","5,1519","5,0859","189,42K","0,03%"
"13.06.2022","5,1154","4,9890","5,1383","4,9890","165,74K","2,58%"
"10.06.2022","4,9865","4,9048","5,0124","4,8815","149,08K","1,63%"
"09.06.2022","4,9063","4,8998","4,9207","4,8648","117,52K","0,15%"
"08.06.2022","4,8988","4,8712","4,9082","4,8450","164,23K","0,60%"
"07.06.2022","4,8696","4,7958","4,9352","4,7913","163,98K","1,57%"
"06.06.2022","4,7945","4,7765","4,8073","4,7467","113,33K","0,44%"
"03.06.2022","4,7734","4,7970","4,8321","4,7715","145,38K","-0,48%"
"02.06.2022","4,7962","4,8169","4,8169","4,7710","131,79K","-0,39%"
"01.06.2022","4,8151","4,7319","4,8180","4,7218","155,81K","1,77%"
"31.05.2022","4,7315","4,7538","4,7793","4,6975","136,07K","-0,44%"
"30.05.2022","4,7526","4,7311","4,7568","4,6904","97,49K","0,49%"
"27.05.2022","4,7295","4,7700","4,7818","4,7147","154,34K","-0,80%"
"26.05.2022","4,7677","4,8260","4,8442","4,7501","146,46K","-1,24%"
"25.05.2022","4,8275","4,8190","4,8644","4,8047","155,93K","0,17%"
"24.05.2022","4,8191","4,8125","4,8548","4,7750","173,82K","0,13%"
"23.05.2022","4,8130","4,8797","4,8797","4,7847","114,67K","-1,35%"
"20.05.2022","4,8788","4,9314","4,9314","4,8519","156,11K","-1,06%"
"19.05.2022","4,9309","4,9688","4,9694","4,8790","138,85K","-0,75%"
"18.05.2022","4,9682","4,9372","5,0005","4,9197","101,92K","0,60%"
"17.05.2022","4,9387","5,0617","5,0617","4,9261","99,97K","-2,40%"
"16.05.2022","5,0599","5,0647","5,1045","5,0307","101,02K","-0,01%"
"13.05.2022","5,0602","5,1347","5,1502","5,0455","87,46K","-1,44%"
"12.05.2022","5,1339","5,1380","5,2102","5,1050","140,21K","-0,07%"
"11.05.2022","5,1373","5,1328","5,1717","5,0910","125,83K","0,12%"
"10.05.2022","5,1313","5,1622","5,1666","5,1090","131,93K","-0,59%"
"09.05.2022","5,1617","5,0784","5,1625","5,0784","132,22K","1,66%"
"06.05.2022","5,0774","5,0293","5,1150","5,0070","158,90K","0,98%"
"05.05.2022","5,0280","4,9200","5,0589","4,9173","147,31K","2,20%"
"04.05.2022","4,9198","4,9563","5,0368","4,8921","129,09K","-0,78%"
"03.05.2022","4,9584","5,0841","5,0841","4,9559","110,69K","-2,49%"
"02.05.2022","5,0848","4,9692","5,0940","4,9657","126,82K","2,27%"
"29.04.2022","4,9721","4,9404","4,9819","4,8588","119,04K","0,60%"
"28.04.2022","4,9425","4,9654","5,0461","4,9351","115,86K","-0,46%"
"27.04.2022","4,9651","4,9992","5,0405","4,9277","155,70K","-0,68%"
"26.04.2022","4,9989","4,8777","5,0023","4,8777","107,70K","2,51%"
"25.04.2022","4,8766","4,7974","4,9490","4,7974","121,29K","1,73%"
"22.04.2022","4,7937","4,6214","4,8393","4,6214","87,37K","3,71%"
"21.04.2022","4,6220","4,6224","4,6225","4,6224","","0,00%"
"20.04.2022","4,6219","4,6663","4,6803","4,6080","78,00K","-0,98%"
"19.04.2022","4,6675","4,6536","4,6866","4,6379","82,41K","0,32%"
"18.04.2022","4,6527","4,6971","4,7091","4,6438","59,88K","-0,93%"
"15.04.2022","4,6965","4,6971","4,6971","4,6970","0,01K","-0,10%"
"14.04.2022","4,7013","4,6880","4,7417","4,6854","79,83K","0,24%"
"13.04.2022","4,6899","4,6780","4,7056","4,6512","77,50K","0,35%"
"12.04.2022","4,6735","4,6892","4,6958","4,6215","89,54K","-0,45%"
"11.04.2022","4,6944","4,7056","4,7397","4,6783","90,17K","-0,06%"
"08.04.2022","4,6970","4,7534","4,7950","4,6935","82,52K","-1,17%"
"07.04.2022","4,7524","4,7093","4,7733","4,6894","89,23K","0,77%"
"06.04.2022","4,7161","4,6523","4,7263","4,6460","95,12K","1,41%"
"05.04.2022","4,6506","4,5950","4,6742","4,5805","88,39K","1,26%"
"04.04.2022","4,5928","4,6595","4,6751","4,5885","61,19K","-1,39%"
"01.04.2022","4,6575","4,7408","4,7408","4,6525","82,68K","-1,72%"
"31.03.2022","4,7390","4,7709","4,7965","4,7215","80,74K","-0,62%"
"30.03.2022","4,7685","4,7580","4,7924","4,7252","75,89K","0,26%"
"29.03.2022","4,7561","4,7680","4,7850","4,7148","99,42K","-0,24%"
"28.03.2022","4,7675","4,7526","4,8196","4,7326","86,53K","0,54%"
"25.03.2022","4,7420","4,8273","4,8298","4,7297","84,54K","-1,73%"
"24.03.2022","4,8253","4,8263","4,8591","4,7649","103,23K","-0,01%"
"23.03.2022","4,8258","4,9108","4,9214","4,8215","76,65K","-1,70%"
"22.03.2022","4,9094","4,9366","4,9514","4,9048","78,97K","-0,53%"
"21.03.2022","4,9354","5,0245","5,0299","4,9309","85,62K","-1,75%"
"18.03.2022","5,0231","5,0406","5,0760","4,9924","80,61K","-0,32%"
"17.03.2022","5,0390","5,0778","5,1080","5,0279","81,57K","-0,72%"
"16.03.2022","5,0757","5,1599","5,1599","5,0718","106,55K","-1,69%"
"15.03.2022","5,1631","5,1224","5,1700","5,0922","73,29K","0,86%"
"14.03.2022","5,1193","5,0591","5,1402","5,0373","86,61K","0,88%"
"11.03.2022","5,0745","5,0132","5,0820","4,9820","77,23K","1,27%"
"10.03.2022","5,0110","5,0150","5,0765","5,0101","82,63K","-0,03%"
"09.03.2022","5,0123","5,0286","5,0363","4,9850","88,21K","-0,94%"
"08.03.2022","5,0599","5,0813","5,1011","5,0446","117,62K","-1,01%"
"07.03.2022","5,1115","5,0785","5,1152","5,0280","99,80K","0,98%"
"04.03.2022","5,0620","5,0517","5,1017","5,0227","102,09K","0,60%"
"03.03.2022","5,0320","5,0978","5,1155","5,0188","97,21K","-1,32%"
"02.03.2022","5,0995","5,2144","5,2233","5,0866","43,07K","-1,16%"
"01.03.2022","5,1595","5,1605","5,1605","5,1605","","-0,01%"
"28.02.2022","5,1599","5,1638","5,1654","5,1600","0,02K","-0,05%"
"25.02.2022","5,1623","5,1199","5,1810","5,0785","94,23K","0,77%"
"24.02.2022","5,1231","5,0050","5,1640","5,0050","109,51K","2,26%"
"23.02.2022","5,0097","5,0621","5,0621","4,9939","76,78K","-0,96%"
"22.02.2022","5,0583","5,1080","5,1080","5,0437","89,78K","-0,89%"
"21.02.2022","5,1036","5,1374","5,1552","5,0746","69,14K","-0,68%"
"18.02.2022","5,1385","5,1718","5,1766","5,1088","82,29K","-0,64%"
"17.02.2022","5,1718","5,1360","5,1840","5,1238","74,30K","0,69%"
"16.02.2022","5,1365","5,1600","5,1782","5,1225","81,54K","-0,44%"
"15.02.2022","5,1590","5,2188","5,2212","5,1585","80,07K","-1,07%"
"14.02.2022","5,2149","5,2560","5,2670","5,1954","98,44K","-0,72%"
"11.02.2022","5,2527","5,2365","5,2659","5,1805","113,44K","0,06%"
"10.02.2022","5,2496","5,2389","5,2557","5,1727","111,97K","0,27%"
"09.02.2022","5,2354","5,2600","5,2910","5,2126","74,37K","-0,45%"
"08.02.2022","5,2593","5,2634","5,2900","5,2508","67,62K","-0,08%"
"07.02.2022","5,2636","5,3260","5,3283","5,2491","72,48K","-1,21%"
"04.02.2022","5,3279","5,3027","5,3509","5,2778","86,45K","0,83%"
"03.02.2022","5,2839","5,2765","5,3232","5,2717","87,80K","0,42%"
"02.02.2022","5,2620","5,2687","5,3151","5,2540","62,25K","-0,07%"
"01.02.2022","5,2655","5,2983","5,3182","5,2639","75,45K","-0,73%"
"31.01.2022","5,3041","5,3698","5,3981","5,2838","85,28K","-1,18%"
"28.01.2022","5,3674","5,4099","5,4331","5,3664","89,11K","-0,72%"
"27.01.2022","5,4065","5,4336","5,4355","5,3532","108,44K","-0,48%"
"26.01.2022","5,4324","5,4456","5,4676","5,3918","95,55K","-0,21%"
"25.01.2022","5,4437","5,4880","5,5220","5,4278","92,16K","-0,80%"
"24.01.2022","5,4877","5,4528","5,5251","5,4528","112,20K","0,54%"
"21.01.2022","5,4582","5,4220","5,4752","5,4035","104,55K","0,72%"
"20.01.2022","5,4191","5,4428","5,4620","5,3790","87,17K","-0,35%"
"19.01.2022","5,4383","5,5484","5,5527","5,4372","86,80K","-2,30%"
"18.01.2022","5,5666","5,5217","5,5832","5,5043","77,79K","0,91%"
"17.01.2022","5,5165","5,5352","5,5390","5,4940","45,33K","-0,32%"
"14.01.2022","5,5344","5,5287","5,5537","5,5080","77,47K","0,10%"
"13.01.2022","5,5286","5,5350","5,5560","5,5005","73,25K","-0,09%"
"12.01.2022","5,5338","5,5660","5,6012","5,5195","80,10K","-0,62%"
"11.01.2022","5,5686","5,6657","5,6761","5,5635","77,83K","-1,67%"
"10.01.2022","5,6633","5,6340","5,6930","5,6286","60,86K","0,49%"
"07.01.2022","5,6355","5,6869","5,7106","5,6191","70,87K","-0,84%"
"06.01.2022","5,6834","5,6878","5,7255","5,6694","80,38K","-0,44%"
"05.01.2022","5,7087","5,6774","5,7242","5,6418","84,55K","0,56%"
"04.01.2022","5,6770","5,6666","5,7112","5,6371","82,13K","-0,08%"
"03.01.2022","5,6818","5,5668","5,6827","5,5564","68,61K","2,00%"
